study_id	dataset_id	study_label	sample_group	tissue_id	tissue_label	condition_label	sample_size	quant_method	pmid	study_type
QTS000001	QTD000001	Alasoo_2018	macrophage_naive	CL_0000235	macrophage	naive	84	ge	29379200	bulk
QTS000001	QTD000002	Alasoo_2018	macrophage_naive	CL_0000235	macrophage	naive	84	exon	29379200	bulk
QTS000001	QTD000003	Alasoo_2018	macrophage_naive	CL_0000235	macrophage	naive	84	tx	29379200	bulk
QTS000001	QTD000004	Alasoo_2018	macrophage_naive	CL_0000235	macrophage	naive	84	txrev	29379200	bulk
QTS000001	QTD000005	Alasoo_2018	macrophage_naive	CL_0000235	macrophage	naive	84	leafcutter	29379200	bulk
QTS000001	QTD000006	Alasoo_2018	macrophage_IFNg	CL_0000235	macrophage	IFNg_18h	84	ge	29379200	bulk
QTS000001	QTD000007	Alasoo_2018	macrophage_IFNg	CL_0000235	macrophage	IFNg_18h	84	exon	29379200	bulk
QTS000001	QTD000008	Alasoo_2018	macrophage_IFNg	CL_0000235	macrophage	IFNg_18h	84	tx	29379200	bulk
QTS000001	QTD000009	Alasoo_2018	macrophage_IFNg	CL_0000235	macrophage	IFNg_18h	84	txrev	29379200	bulk
QTS000001	QTD000010	Alasoo_2018	macrophage_IFNg	CL_0000235	macrophage	IFNg_18h	84	leafcutter	29379200	bulk
QTS000001	QTD000011	Alasoo_2018	macrophage_Salmonella	CL_0000235	macrophage	Salmonella_5h	84	ge	29379200	bulk
QTS000001	QTD000012	Alasoo_2018	macrophage_Salmonella	CL_0000235	macrophage	Salmonella_5h	84	exon	29379200	bulk
QTS000001	QTD000013	Alasoo_2018	macrophage_Salmonella	CL_0000235	macrophage	Salmonella_5h	84	tx	29379200	bulk
QTS000001	QTD000014	Alasoo_2018	macrophage_Salmonella	CL_0000235	macrophage	Salmonella_5h	84	txrev	29379200	bulk
QTS000001	QTD000015	Alasoo_2018	macrophage_Salmonella	CL_0000235	macrophage	Salmonella_5h	84	leafcutter	29379200	bulk
QTS000001	QTD000016	Alasoo_2018	macrophage_IFNg+Salmonella	CL_0000235	macrophage	IFNg_18h+Salmonella_5h	84	ge	29379200	bulk
QTS000001	QTD000017	Alasoo_2018	macrophage_IFNg+Salmonella	CL_0000235	macrophage	IFNg_18h+Salmonella_5h	84	exon	29379200	bulk
QTS000001	QTD000018	Alasoo_2018	macrophage_IFNg+Salmonella	CL_0000235	macrophage	IFNg_18h+Salmonella_5h	84	tx	29379200	bulk
QTS000001	QTD000019	Alasoo_2018	macrophage_IFNg+Salmonella	CL_0000235	macrophage	IFNg_18h+Salmonella_5h	84	txrev	29379200	bulk
QTS000001	QTD000020	Alasoo_2018	macrophage_IFNg+Salmonella	CL_0000235	macrophage	IFNg_18h+Salmonella_5h	84	leafcutter	29379200	bulk
QTS000001	QTD001026	Alasoo_2018	macrophage_naive	CL_0000235	macrophage	naive	84	majiq	29379200	bulk
QTS000001	QTD001027	Alasoo_2018	macrophage_IFNg	CL_0000235	macrophage	IFNg_18h	84	majiq	29379200	bulk
QTS000001	QTD001028	Alasoo_2018	macrophage_Salmonella	CL_0000235	macrophage	Salmonella_5h	84	majiq	29379200	bulk
QTS000001	QTD001029	Alasoo_2018	macrophage_IFNg+Salmonella	CL_0000235	macrophage	IFNg_18h+Salmonella_5h	84	majiq	29379200	bulk
QTS000002	QTD000021	BLUEPRINT	monocyte	CL_0002057	monocyte	naive	191	ge	27863251	bulk
QTS000002	QTD000022	BLUEPRINT	monocyte	CL_0002057	monocyte	naive	191	exon	27863251	bulk
QTS000002	QTD000023	BLUEPRINT	monocyte	CL_0002057	monocyte	naive	191	tx	27863251	bulk
QTS000002	QTD000024	BLUEPRINT	monocyte	CL_0002057	monocyte	naive	191	txrev	27863251	bulk
QTS000002	QTD000025	BLUEPRINT	monocyte	CL_0002057	monocyte	naive	191	leafcutter	27863251	bulk
QTS000002	QTD000026	BLUEPRINT	neutrophil	CL_0000775	neutrophil	naive	196	ge	27863251	bulk
QTS000002	QTD000027	BLUEPRINT	neutrophil	CL_0000775	neutrophil	naive	196	exon	27863251	bulk
QTS000002	QTD000028	BLUEPRINT	neutrophil	CL_0000775	neutrophil	naive	196	tx	27863251	bulk
QTS000002	QTD000029	BLUEPRINT	neutrophil	CL_0000775	neutrophil	naive	196	txrev	27863251	bulk
QTS000002	QTD000030	BLUEPRINT	neutrophil	CL_0000775	neutrophil	naive	196	leafcutter	27863251	bulk
QTS000002	QTD000031	BLUEPRINT	T-cell	CL_0000624	CD4+ T cell	naive	167	ge	27863251	bulk
QTS000002	QTD000032	BLUEPRINT	T-cell	CL_0000624	CD4+ T cell	naive	167	exon	27863251	bulk
QTS000002	QTD000033	BLUEPRINT	T-cell	CL_0000624	CD4+ T cell	naive	167	tx	27863251	bulk
QTS000002	QTD000034	BLUEPRINT	T-cell	CL_0000624	CD4+ T cell	naive	167	txrev	27863251	bulk
QTS000002	QTD000035	BLUEPRINT	T-cell	CL_0000624	CD4+ T cell	naive	167	leafcutter	27863251	bulk
QTS000002	QTD001220	BLUEPRINT	monocyte	CL_0002057	monocyte	naive	191	majiq	27863251	bulk
QTS000002	QTD001221	BLUEPRINT	neutrophil	CL_0000775	neutrophil	naive	196	majiq	27863251	bulk
QTS000002	QTD001222	BLUEPRINT	T-cell	CL_0000624	CD4+ T cell	naive	167	majiq	27863251	bulk
QTS000003	QTD000036	Bossini-Castillo_2019	Treg_naive	CL_0002677	Treg memory	naive	119	ge	35591976	bulk
QTS000003	QTD000037	Bossini-Castillo_2019	Treg_naive	CL_0002677	Treg memory	naive	119	exon	35591976	bulk
QTS000003	QTD000038	Bossini-Castillo_2019	Treg_naive	CL_0002677	Treg memory	naive	119	tx	35591976	bulk
QTS000003	QTD000039	Bossini-Castillo_2019	Treg_naive	CL_0002677	Treg memory	naive	119	txrev	35591976	bulk
QTS000003	QTD000040	Bossini-Castillo_2019	Treg_naive	CL_0002677	Treg memory	naive	119	leafcutter	35591976	bulk
QTS000003	QTD001223	Bossini-Castillo_2019	Treg_naive	CL_0002677	Treg memory	naive	119	majiq	35591976	bulk
QTS000004	QTD000041	Braineac2	putamen	UBERON_0001874	brain (putamen)	naive	102	ge	32098967	bulk
QTS000004	QTD000042	Braineac2	putamen	UBERON_0001874	brain (putamen)	naive	102	exon	32098967	bulk
QTS000004	QTD000043	Braineac2	putamen	UBERON_0001874	brain (putamen)	naive	102	tx	32098967	bulk
QTS000004	QTD000044	Braineac2	putamen	UBERON_0001874	brain (putamen)	naive	102	txrev	32098967	bulk
QTS000004	QTD000045	Braineac2	putamen	UBERON_0001874	brain (putamen)	naive	102	leafcutter	32098967	bulk
QTS000004	QTD000046	Braineac2	substantia_nigra	UBERON_0002038	brain (substantia nigra)	naive	65	ge	32098967	bulk
QTS000004	QTD000047	Braineac2	substantia_nigra	UBERON_0002038	brain (substantia nigra)	naive	65	exon	32098967	bulk
QTS000004	QTD000048	Braineac2	substantia_nigra	UBERON_0002038	brain (substantia nigra)	naive	65	tx	32098967	bulk
QTS000004	QTD000049	Braineac2	substantia_nigra	UBERON_0002038	brain (substantia nigra)	naive	65	txrev	32098967	bulk
QTS000004	QTD000050	Braineac2	substantia_nigra	UBERON_0002038	brain (substantia nigra)	naive	65	leafcutter	32098967	bulk
QTS000004	QTD001224	Braineac2	putamen	UBERON_0001874	brain (putamen)	naive	102	majiq	32098967	bulk
QTS000004	QTD001225	Braineac2	substantia_nigra	UBERON_0002038	brain (substantia nigra)	naive	65	majiq	32098967	bulk
QTS000005	QTD000051	BrainSeq	brain	UBERON_0009834	brain (DLPFC)	naive	479	ge	30050107	bulk
QTS000005	QTD000052	BrainSeq	brain	UBERON_0009834	brain (DLPFC)	naive	479	exon	30050107	bulk
QTS000005	QTD000053	BrainSeq	brain	UBERON_0009834	brain (DLPFC)	naive	479	tx	30050107	bulk
QTS000005	QTD000054	BrainSeq	brain	UBERON_0009834	brain (DLPFC)	naive	479	txrev	30050107	bulk
QTS000005	QTD000055	BrainSeq	brain	UBERON_0009834	brain (DLPFC)	naive	479	leafcutter	30050107	bulk
QTS000005	QTD001226	BrainSeq	brain	UBERON_0009834	brain (DLPFC)	naive	479	majiq	30050107	bulk
QTS000006	QTD000056	CAP	LCL_naive	EFO_0005292	LCL	naive	148	ge	32787775	bulk
QTS000006	QTD000057	CAP	LCL_naive	EFO_0005292	LCL	naive	148	exon	32787775	bulk
QTS000006	QTD000058	CAP	LCL_naive	EFO_0005292	LCL	naive	148	tx	32787775	bulk
QTS000006	QTD000059	CAP	LCL_naive	EFO_0005292	LCL	naive	148	txrev	32787775	bulk
QTS000006	QTD000060	CAP	LCL_naive	EFO_0005292	LCL	naive	148	leafcutter	32787775	bulk
QTS000006	QTD000061	CAP	LCL_statin	EFO_0005292	LCL	statin	148	ge	32787775	bulk
QTS000006	QTD000062	CAP	LCL_statin	EFO_0005292	LCL	statin	148	exon	32787775	bulk
QTS000006	QTD000063	CAP	LCL_statin	EFO_0005292	LCL	statin	148	tx	32787775	bulk
QTS000006	QTD000064	CAP	LCL_statin	EFO_0005292	LCL	statin	148	txrev	32787775	bulk
QTS000006	QTD000065	CAP	LCL_statin	EFO_0005292	LCL	statin	148	leafcutter	32787775	bulk
QTS000006	QTD001227	CAP	LCL_naive	EFO_0005292	LCL	naive	148	majiq	32787775	bulk
QTS000006	QTD001228	CAP	LCL_statin	EFO_0005292	LCL	statin	148	majiq	32787775	bulk
QTS000007	QTD000066	CEDAR	T-cell_CD8	CL_0000625	CD8+ T cell	naive	277	microarray	29930244	bulk
QTS000007	QTD000067	CEDAR	T-cell_CD4	CL_0000624	CD4+ T cell	naive	290	microarray	29930244	bulk
QTS000007	QTD000068	CEDAR	transverse_colon	UBERON_0001157	transverse colon	naive	286	microarray	29930244	bulk
QTS000007	QTD000069	CEDAR	monocyte_CD14	CL_0002057	monocyte	naive	286	microarray	29930244	bulk
QTS000007	QTD000070	CEDAR	neutrophil_CD15	CL_0000775	neutrophil	naive	280	microarray	29930244	bulk
QTS000007	QTD000071	CEDAR	platelet	CL_0000233	platelet	naive	205	microarray	29930244	bulk
QTS000007	QTD000072	CEDAR	rectum	UBERON_0001052	rectum	naive	271	microarray	29930244	bulk
QTS000007	QTD000073	CEDAR	B-cell_CD19	CL_0000236	B cell	naive	262	microarray	29930244	bulk
QTS000007	QTD000074	CEDAR	ileum	UBERON_0002116	ileum	naive	180	microarray	29930244	bulk
QTS000008	QTD000075	CommonMind	DLPFC_naive	UBERON_0009834	brain (DLPFC)	naive	586	ge	31551426	bulk
QTS000008	QTD000076	CommonMind	DLPFC_naive	UBERON_0009834	brain (DLPFC)	naive	586	exon	31551426	bulk
QTS000008	QTD000077	CommonMind	DLPFC_naive	UBERON_0009834	brain (DLPFC)	naive	586	tx	31551426	bulk
QTS000008	QTD000078	CommonMind	DLPFC_naive	UBERON_0009834	brain (DLPFC)	naive	586	txrev	31551426	bulk
QTS000008	QTD000079	CommonMind	DLPFC_naive	UBERON_0009834	brain (DLPFC)	naive	586	leafcutter	31551426	bulk
QTS000009	QTD000080	Fairfax_2012	B-cell_CD19	CL_0000236	B cell	naive	281	microarray	22446964	bulk
QTS000010	QTD000081	Fairfax_2014	monocyte_naive	CL_0002057	monocyte	naive	420	microarray	24604202	bulk
QTS000010	QTD000082	Fairfax_2014	monocyte_IFN24	CL_0002057	monocyte	IFNg_24h	370	microarray	24604202	bulk
QTS000010	QTD000083	Fairfax_2014	monocyte_LPS2	CL_0002057	monocyte	LPS_2h	256	microarray	24604202	bulk
QTS000010	QTD000084	Fairfax_2014	monocyte_LPS24	CL_0002057	monocyte	LPS_24h	325	microarray	24604202	bulk
QTS000011	QTD000085	FUSION	muscle_naive	UBERON_0001134	muscle	naive	288	ge	31076557	bulk
QTS000011	QTD000086	FUSION	muscle_naive	UBERON_0001134	muscle	naive	288	exon	31076557	bulk
QTS000011	QTD000087	FUSION	muscle_naive	UBERON_0001134	muscle	naive	288	tx	31076557	bulk
QTS000011	QTD000088	FUSION	muscle_naive	UBERON_0001134	muscle	naive	288	txrev	31076557	bulk
QTS000011	QTD000089	FUSION	muscle_naive	UBERON_0001134	muscle	naive	288	leafcutter	31076557	bulk
QTS000011	QTD000090	FUSION	adipose_naive	UBERON_0001013	adipose	naive	271	ge	31076557	bulk
QTS000011	QTD000091	FUSION	adipose_naive	UBERON_0001013	adipose	naive	271	exon	31076557	bulk
QTS000011	QTD000092	FUSION	adipose_naive	UBERON_0001013	adipose	naive	271	tx	31076557	bulk
QTS000011	QTD000093	FUSION	adipose_naive	UBERON_0001013	adipose	naive	271	txrev	31076557	bulk
QTS000011	QTD000094	FUSION	adipose_naive	UBERON_0001013	adipose	naive	271	leafcutter	31076557	bulk
QTS000011	QTD001230	FUSION	muscle_naive	UBERON_0001134	muscle	naive	288	majiq	31076557	bulk
QTS000011	QTD001231	FUSION	adipose_naive	UBERON_0001013	adipose	naive	271	majiq	31076557	bulk
QTS000012	QTD000095	GENCORD	LCL	EFO_0005292	LCL	naive	190	ge	23755361	bulk
QTS000012	QTD000096	GENCORD	LCL	EFO_0005292	LCL	naive	190	exon	23755361	bulk
QTS000012	QTD000097	GENCORD	LCL	EFO_0005292	LCL	naive	190	tx	23755361	bulk
QTS000012	QTD000098	GENCORD	LCL	EFO_0005292	LCL	naive	190	txrev	23755361	bulk
QTS000012	QTD000099	GENCORD	LCL	EFO_0005292	LCL	naive	190	leafcutter	23755361	bulk
QTS000012	QTD000100	GENCORD	fibroblast	CL_0000057	fibroblast	naive	186	ge	23755361	bulk
QTS000012	QTD000101	GENCORD	fibroblast	CL_0000057	fibroblast	naive	186	exon	23755361	bulk
QTS000012	QTD000102	GENCORD	fibroblast	CL_0000057	fibroblast	naive	186	tx	23755361	bulk
QTS000012	QTD000103	GENCORD	fibroblast	CL_0000057	fibroblast	naive	186	txrev	23755361	bulk
QTS000012	QTD000104	GENCORD	fibroblast	CL_0000057	fibroblast	naive	186	leafcutter	23755361	bulk
QTS000012	QTD000105	GENCORD	T-cell	CL_0000084	T cell	naive	184	ge	23755361	bulk
QTS000012	QTD000106	GENCORD	T-cell	CL_0000084	T cell	naive	184	exon	23755361	bulk
QTS000012	QTD000107	GENCORD	T-cell	CL_0000084	T cell	naive	184	tx	23755361	bulk
QTS000012	QTD000108	GENCORD	T-cell	CL_0000084	T cell	naive	184	txrev	23755361	bulk
QTS000012	QTD000109	GENCORD	T-cell	CL_0000084	T cell	naive	184	leafcutter	23755361	bulk
QTS000012	QTD001232	GENCORD	LCL	EFO_0005292	LCL	naive	190	majiq	23755361	bulk
QTS000012	QTD001233	GENCORD	fibroblast	CL_0000057	fibroblast	naive	186	majiq	23755361	bulk
QTS000012	QTD001234	GENCORD	T-cell	CL_0000084	T cell	naive	184	majiq	23755361	bulk
QTS000013	QTD000110	GEUVADIS	LCL	EFO_0005292	LCL	naive	445	ge	24037378	bulk
QTS000013	QTD000111	GEUVADIS	LCL	EFO_0005292	LCL	naive	445	exon	24037378	bulk
QTS000013	QTD000112	GEUVADIS	LCL	EFO_0005292	LCL	naive	445	tx	24037378	bulk
QTS000013	QTD000113	GEUVADIS	LCL	EFO_0005292	LCL	naive	445	txrev	24037378	bulk
QTS000013	QTD000114	GEUVADIS	LCL	EFO_0005292	LCL	naive	445	leafcutter	24037378	bulk
QTS000013	QTD001199	GEUVADIS	LCL	EFO_0005292	LCL	naive	445	majiq	24037378	bulk
QTS000014	QTD000115	Gilchrist_2021	NK-cell_naive	CL_0000623	NK cell	naive	247	microarray	35835762	bulk
QTS000015	QTD000116	GTEx_v10	adipose_subcutaneous	UBERON_0001013	adipose	naive	749	ge	32913098	bulk
QTS000015	QTD000117	GTEx_v10	adipose_subcutaneous	UBERON_0001013	adipose	naive	749	exon	32913098	bulk
QTS000015	QTD000118	GTEx_v10	adipose_subcutaneous	UBERON_0001013	adipose	naive	749	tx	32913098	bulk
QTS000015	QTD000119	GTEx_v10	adipose_subcutaneous	UBERON_0001013	adipose	naive	749	txrev	32913098	bulk
QTS000015	QTD000120	GTEx_v10	adipose_subcutaneous	UBERON_0001013	adipose	naive	749	leafcutter	32913098	bulk
QTS000015	QTD000121	GTEx_v10	adipose_visceral	UBERON_0010414	adipose (visceral)	naive	606	ge	32913098	bulk
QTS000015	QTD000122	GTEx_v10	adipose_visceral	UBERON_0010414	adipose (visceral)	naive	606	exon	32913098	bulk
QTS000015	QTD000123	GTEx_v10	adipose_visceral	UBERON_0010414	adipose (visceral)	naive	606	tx	32913098	bulk
QTS000015	QTD000124	GTEx_v10	adipose_visceral	UBERON_0010414	adipose (visceral)	naive	606	txrev	32913098	bulk
QTS000015	QTD000125	GTEx_v10	adipose_visceral	UBERON_0010414	adipose (visceral)	naive	606	leafcutter	32913098	bulk
QTS000015	QTD000126	GTEx_v10	adrenal_gland	UBERON_0002369	adrenal gland	naive	305	ge	32913098	bulk
QTS000015	QTD000127	GTEx_v10	adrenal_gland	UBERON_0002369	adrenal gland	naive	305	exon	32913098	bulk
QTS000015	QTD000128	GTEx_v10	adrenal_gland	UBERON_0002369	adrenal gland	naive	305	tx	32913098	bulk
QTS000015	QTD000129	GTEx_v10	adrenal_gland	UBERON_0002369	adrenal gland	naive	305	txrev	32913098	bulk
QTS000015	QTD000130	GTEx_v10	adrenal_gland	UBERON_0002369	adrenal gland	naive	305	leafcutter	32913098	bulk
QTS000015	QTD000131	GTEx_v10	artery_aorta	UBERON_0001496	artery (aorta)	naive	492	ge	32913098	bulk
QTS000015	QTD000132	GTEx_v10	artery_aorta	UBERON_0001496	artery (aorta)	naive	492	exon	32913098	bulk
QTS000015	QTD000133	GTEx_v10	artery_aorta	UBERON_0001496	artery (aorta)	naive	492	tx	32913098	bulk
QTS000015	QTD000134	GTEx_v10	artery_aorta	UBERON_0001496	artery (aorta)	naive	492	txrev	32913098	bulk
QTS000015	QTD000135	GTEx_v10	artery_aorta	UBERON_0001496	artery (aorta)	naive	492	leafcutter	32913098	bulk
QTS000015	QTD000136	GTEx_v10	artery_coronary	UBERON_0001621	artery (coronary)	naive	279	ge	32913098	bulk
QTS000015	QTD000137	GTEx_v10	artery_coronary	UBERON_0001621	artery (coronary)	naive	279	exon	32913098	bulk
QTS000015	QTD000138	GTEx_v10	artery_coronary	UBERON_0001621	artery (coronary)	naive	279	tx	32913098	bulk
QTS000015	QTD000139	GTEx_v10	artery_coronary	UBERON_0001621	artery (coronary)	naive	279	txrev	32913098	bulk
QTS000015	QTD000140	GTEx_v10	artery_coronary	UBERON_0001621	artery (coronary)	naive	279	leafcutter	32913098	bulk
QTS000015	QTD000141	GTEx_v10	artery_tibial	UBERON_0007610	artery (tibial)	naive	736	ge	32913098	bulk
QTS000015	QTD000142	GTEx_v10	artery_tibial	UBERON_0007610	artery (tibial)	naive	736	exon	32913098	bulk
QTS000015	QTD000143	GTEx_v10	artery_tibial	UBERON_0007610	artery (tibial)	naive	736	tx	32913098	bulk
QTS000015	QTD000144	GTEx_v10	artery_tibial	UBERON_0007610	artery (tibial)	naive	736	txrev	32913098	bulk
QTS000015	QTD000145	GTEx_v10	artery_tibial	UBERON_0007610	artery (tibial)	naive	736	leafcutter	32913098	bulk
QTS000015	QTD000146	GTEx_v10	brain_amygdala	UBERON_0001876	brain (amygdala)	naive	202	ge	32913098	bulk
QTS000015	QTD000147	GTEx_v10	brain_amygdala	UBERON_0001876	brain (amygdala)	naive	202	exon	32913098	bulk
QTS000015	QTD000148	GTEx_v10	brain_amygdala	UBERON_0001876	brain (amygdala)	naive	202	tx	32913098	bulk
QTS000015	QTD000149	GTEx_v10	brain_amygdala	UBERON_0001876	brain (amygdala)	naive	202	txrev	32913098	bulk
QTS000015	QTD000150	GTEx_v10	brain_amygdala	UBERON_0001876	brain (amygdala)	naive	202	leafcutter	32913098	bulk
QTS000015	QTD000151	GTEx_v10	brain_anterior_cingulate_cortex	UBERON_0009835	brain (anterior cingulate cortex)	naive	242	ge	32913098	bulk
QTS000015	QTD000152	GTEx_v10	brain_anterior_cingulate_cortex	UBERON_0009835	brain (anterior cingulate cortex)	naive	242	exon	32913098	bulk
QTS000015	QTD000153	GTEx_v10	brain_anterior_cingulate_cortex	UBERON_0009835	brain (anterior cingulate cortex)	naive	242	tx	32913098	bulk
QTS000015	QTD000154	GTEx_v10	brain_anterior_cingulate_cortex	UBERON_0009835	brain (anterior cingulate cortex)	naive	242	txrev	32913098	bulk
QTS000015	QTD000155	GTEx_v10	brain_anterior_cingulate_cortex	UBERON_0009835	brain (anterior cingulate cortex)	naive	242	leafcutter	32913098	bulk
QTS000015	QTD000156	GTEx_v10	brain_caudate	UBERON_0001873	brain (caudate)	naive	315	ge	32913098	bulk
QTS000015	QTD000157	GTEx_v10	brain_caudate	UBERON_0001873	brain (caudate)	naive	315	exon	32913098	bulk
QTS000015	QTD000158	GTEx_v10	brain_caudate	UBERON_0001873	brain (caudate)	naive	315	tx	32913098	bulk
QTS000015	QTD000159	GTEx_v10	brain_caudate	UBERON_0001873	brain (caudate)	naive	315	txrev	32913098	bulk
QTS000015	QTD000160	GTEx_v10	brain_caudate	UBERON_0001873	brain (caudate)	naive	315	leafcutter	32913098	bulk
QTS000015	QTD000161	GTEx_v10	brain_cerebellar_hemisphere	UBERON_0002037	brain (cerebellum)	naive	286	ge	32913098	bulk
QTS000015	QTD000162	GTEx_v10	brain_cerebellar_hemisphere	UBERON_0002037	brain (cerebellum)	naive	286	exon	32913098	bulk
QTS000015	QTD000163	GTEx_v10	brain_cerebellar_hemisphere	UBERON_0002037	brain (cerebellum)	naive	286	tx	32913098	bulk
QTS000015	QTD000164	GTEx_v10	brain_cerebellar_hemisphere	UBERON_0002037	brain (cerebellum)	naive	286	txrev	32913098	bulk
QTS000015	QTD000165	GTEx_v10	brain_cerebellar_hemisphere	UBERON_0002037	brain (cerebellum)	naive	286	leafcutter	32913098	bulk
QTS000015	QTD000166	GTEx_v10	brain_cerebellum	UBERON_0002037	brain (cerebellum)	naive	272	ge	32913098	bulk
QTS000015	QTD000167	GTEx_v10	brain_cerebellum	UBERON_0002037	brain (cerebellum)	naive	272	exon	32913098	bulk
QTS000015	QTD000168	GTEx_v10	brain_cerebellum	UBERON_0002037	brain (cerebellum)	naive	272	tx	32913098	bulk
QTS000015	QTD000169	GTEx_v10	brain_cerebellum	UBERON_0002037	brain (cerebellum)	naive	272	txrev	32913098	bulk
QTS000015	QTD000170	GTEx_v10	brain_cerebellum	UBERON_0002037	brain (cerebellum)	naive	272	leafcutter	32913098	bulk
QTS000015	QTD000171	GTEx_v10	brain_cortex	UBERON_0001870	brain (cortex)	naive	284	ge	32913098	bulk
QTS000015	QTD000172	GTEx_v10	brain_cortex	UBERON_0001870	brain (cortex)	naive	284	exon	32913098	bulk
QTS000015	QTD000173	GTEx_v10	brain_cortex	UBERON_0001870	brain (cortex)	naive	284	tx	32913098	bulk
QTS000015	QTD000174	GTEx_v10	brain_cortex	UBERON_0001870	brain (cortex)	naive	284	txrev	32913098	bulk
QTS000015	QTD000175	GTEx_v10	brain_cortex	UBERON_0001870	brain (cortex)	naive	284	leafcutter	32913098	bulk
QTS000015	QTD000176	GTEx_v10	brain_frontal_cortex	UBERON_0009834	brain (DLPFC)	naive	285	ge	32913098	bulk
QTS000015	QTD000177	GTEx_v10	brain_frontal_cortex	UBERON_0009834	brain (DLPFC)	naive	285	exon	32913098	bulk
QTS000015	QTD000178	GTEx_v10	brain_frontal_cortex	UBERON_0009834	brain (DLPFC)	naive	285	tx	32913098	bulk
QTS000015	QTD000179	GTEx_v10	brain_frontal_cortex	UBERON_0009834	brain (DLPFC)	naive	285	txrev	32913098	bulk
QTS000015	QTD000180	GTEx_v10	brain_frontal_cortex	UBERON_0009834	brain (DLPFC)	naive	285	leafcutter	32913098	bulk
QTS000015	QTD000181	GTEx_v10	brain_hippocampus	UBERON_0001954	brain (hippocampus)	naive	272	ge	32913098	bulk
QTS000015	QTD000182	GTEx_v10	brain_hippocampus	UBERON_0001954	brain (hippocampus)	naive	272	exon	32913098	bulk
QTS000015	QTD000183	GTEx_v10	brain_hippocampus	UBERON_0001954	brain (hippocampus)	naive	272	tx	32913098	bulk
QTS000015	QTD000184	GTEx_v10	brain_hippocampus	UBERON_0001954	brain (hippocampus)	naive	272	txrev	32913098	bulk
QTS000015	QTD000185	GTEx_v10	brain_hippocampus	UBERON_0001954	brain (hippocampus)	naive	272	leafcutter	32913098	bulk
QTS000015	QTD000186	GTEx_v10	brain_hypothalamus	UBERON_0001898	brain (hypothalamus)	naive	276	ge	32913098	bulk
QTS000015	QTD000187	GTEx_v10	brain_hypothalamus	UBERON_0001898	brain (hypothalamus)	naive	276	exon	32913098	bulk
QTS000015	QTD000188	GTEx_v10	brain_hypothalamus	UBERON_0001898	brain (hypothalamus)	naive	276	tx	32913098	bulk
QTS000015	QTD000189	GTEx_v10	brain_hypothalamus	UBERON_0001898	brain (hypothalamus)	naive	276	txrev	32913098	bulk
QTS000015	QTD000190	GTEx_v10	brain_hypothalamus	UBERON_0001898	brain (hypothalamus)	naive	276	leafcutter	32913098	bulk
QTS000015	QTD000191	GTEx_v10	brain_nucleus_accumbens	UBERON_0001882	brain (nucleus accumbens)	naive	308	ge	32913098	bulk
QTS000015	QTD000192	GTEx_v10	brain_nucleus_accumbens	UBERON_0001882	brain (nucleus accumbens)	naive	308	exon	32913098	bulk
QTS000015	QTD000193	GTEx_v10	brain_nucleus_accumbens	UBERON_0001882	brain (nucleus accumbens)	naive	308	tx	32913098	bulk
QTS000015	QTD000194	GTEx_v10	brain_nucleus_accumbens	UBERON_0001882	brain (nucleus accumbens)	naive	308	txrev	32913098	bulk
QTS000015	QTD000195	GTEx_v10	brain_nucleus_accumbens	UBERON_0001882	brain (nucleus accumbens)	naive	308	leafcutter	32913098	bulk
QTS000015	QTD000196	GTEx_v10	brain_putamen	UBERON_0001874	brain (putamen)	naive	267	ge	32913098	bulk
QTS000015	QTD000197	GTEx_v10	brain_putamen	UBERON_0001874	brain (putamen)	naive	267	exon	32913098	bulk
QTS000015	QTD000198	GTEx_v10	brain_putamen	UBERON_0001874	brain (putamen)	naive	267	tx	32913098	bulk
QTS000015	QTD000199	GTEx_v10	brain_putamen	UBERON_0001874	brain (putamen)	naive	267	txrev	32913098	bulk
QTS000015	QTD000200	GTEx_v10	brain_putamen	UBERON_0001874	brain (putamen)	naive	267	leafcutter	32913098	bulk
QTS000015	QTD000201	GTEx_v10	brain_spinal_cord	UBERON_0006469	brain (spinal cord)	naive	213	ge	32913098	bulk
QTS000015	QTD000202	GTEx_v10	brain_spinal_cord	UBERON_0006469	brain (spinal cord)	naive	213	exon	32913098	bulk
QTS000015	QTD000203	GTEx_v10	brain_spinal_cord	UBERON_0006469	brain (spinal cord)	naive	213	tx	32913098	bulk
QTS000015	QTD000204	GTEx_v10	brain_spinal_cord	UBERON_0006469	brain (spinal cord)	naive	213	txrev	32913098	bulk
QTS000015	QTD000205	GTEx_v10	brain_spinal_cord	UBERON_0006469	brain (spinal cord)	naive	213	leafcutter	32913098	bulk
QTS000015	QTD000206	GTEx_v10	brain_substantia_nigra	UBERON_0002038	brain (substantia nigra)	naive	193	ge	32913098	bulk
QTS000015	QTD000207	GTEx_v10	brain_substantia_nigra	UBERON_0002038	brain (substantia nigra)	naive	193	exon	32913098	bulk
QTS000015	QTD000208	GTEx_v10	brain_substantia_nigra	UBERON_0002038	brain (substantia nigra)	naive	193	tx	32913098	bulk
QTS000015	QTD000209	GTEx_v10	brain_substantia_nigra	UBERON_0002038	brain (substantia nigra)	naive	193	txrev	32913098	bulk
QTS000015	QTD000210	GTEx_v10	brain_substantia_nigra	UBERON_0002038	brain (substantia nigra)	naive	193	leafcutter	32913098	bulk
QTS000015	QTD000211	GTEx_v10	breast	UBERON_0008367	breast	naive	530	ge	32913098	bulk
QTS000015	QTD000212	GTEx_v10	breast	UBERON_0008367	breast	naive	530	exon	32913098	bulk
QTS000015	QTD000213	GTEx_v10	breast	UBERON_0008367	breast	naive	530	tx	32913098	bulk
QTS000015	QTD000214	GTEx_v10	breast	UBERON_0008367	breast	naive	530	txrev	32913098	bulk
QTS000015	QTD000215	GTEx_v10	breast	UBERON_0008367	breast	naive	530	leafcutter	32913098	bulk
QTS000015	QTD000216	GTEx_v10	fibroblast	CL_0000057	fibroblast	naive	659	ge	32913098	bulk
QTS000015	QTD000217	GTEx_v10	fibroblast	CL_0000057	fibroblast	naive	659	exon	32913098	bulk
QTS000015	QTD000218	GTEx_v10	fibroblast	CL_0000057	fibroblast	naive	659	tx	32913098	bulk
QTS000015	QTD000219	GTEx_v10	fibroblast	CL_0000057	fibroblast	naive	659	txrev	32913098	bulk
QTS000015	QTD000220	GTEx_v10	fibroblast	CL_0000057	fibroblast	naive	659	leafcutter	32913098	bulk
QTS000015	QTD000221	GTEx_v10	LCL	EFO_0005292	LCL	naive	329	ge	32913098	bulk
QTS000015	QTD000222	GTEx_v10	LCL	EFO_0005292	LCL	naive	329	exon	32913098	bulk
QTS000015	QTD000223	GTEx_v10	LCL	EFO_0005292	LCL	naive	329	tx	32913098	bulk
QTS000015	QTD000224	GTEx_v10	LCL	EFO_0005292	LCL	naive	329	txrev	32913098	bulk
QTS000015	QTD000225	GTEx_v10	LCL	EFO_0005292	LCL	naive	329	leafcutter	32913098	bulk
QTS000015	QTD000226	GTEx_v10	colon_sigmoid	UBERON_0001159	sigmoid colon	naive	430	ge	32913098	bulk
QTS000015	QTD000227	GTEx_v10	colon_sigmoid	UBERON_0001159	sigmoid colon	naive	430	exon	32913098	bulk
QTS000015	QTD000228	GTEx_v10	colon_sigmoid	UBERON_0001159	sigmoid colon	naive	430	tx	32913098	bulk
QTS000015	QTD000229	GTEx_v10	colon_sigmoid	UBERON_0001159	sigmoid colon	naive	430	txrev	32913098	bulk
QTS000015	QTD000230	GTEx_v10	colon_sigmoid	UBERON_0001159	sigmoid colon	naive	430	leafcutter	32913098	bulk
QTS000015	QTD000231	GTEx_v10	colon_transverse	UBERON_0001157	transverse colon	naive	497	ge	32913098	bulk
QTS000015	QTD000232	GTEx_v10	colon_transverse	UBERON_0001157	transverse colon	naive	497	exon	32913098	bulk
QTS000015	QTD000233	GTEx_v10	colon_transverse	UBERON_0001157	transverse colon	naive	497	tx	32913098	bulk
QTS000015	QTD000234	GTEx_v10	colon_transverse	UBERON_0001157	transverse colon	naive	497	txrev	32913098	bulk
QTS000015	QTD000235	GTEx_v10	colon_transverse	UBERON_0001157	transverse colon	naive	497	leafcutter	32913098	bulk
QTS000015	QTD000236	GTEx_v10	esophagus_gej	UBERON_0004550	esophagus (gej)	naive	419	ge	32913098	bulk
QTS000015	QTD000237	GTEx_v10	esophagus_gej	UBERON_0004550	esophagus (gej)	naive	419	exon	32913098	bulk
QTS000015	QTD000238	GTEx_v10	esophagus_gej	UBERON_0004550	esophagus (gej)	naive	419	tx	32913098	bulk
QTS000015	QTD000239	GTEx_v10	esophagus_gej	UBERON_0004550	esophagus (gej)	naive	419	txrev	32913098	bulk
QTS000015	QTD000240	GTEx_v10	esophagus_gej	UBERON_0004550	esophagus (gej)	naive	419	leafcutter	32913098	bulk
QTS000015	QTD000241	GTEx_v10	esophagus_mucosa	UBERON_0006920	esophagus (mucosa)	naive	634	ge	32913098	bulk
QTS000015	QTD000242	GTEx_v10	esophagus_mucosa	UBERON_0006920	esophagus (mucosa)	naive	634	exon	32913098	bulk
QTS000015	QTD000243	GTEx_v10	esophagus_mucosa	UBERON_0006920	esophagus (mucosa)	naive	634	tx	32913098	bulk
QTS000015	QTD000244	GTEx_v10	esophagus_mucosa	UBERON_0006920	esophagus (mucosa)	naive	634	txrev	32913098	bulk
QTS000015	QTD000245	GTEx_v10	esophagus_mucosa	UBERON_0006920	esophagus (mucosa)	naive	634	leafcutter	32913098	bulk
QTS000015	QTD000246	GTEx_v10	esophagus_muscularis	UBERON_0004648	esophagus (muscularis)	naive	590	ge	32913098	bulk
QTS000015	QTD000247	GTEx_v10	esophagus_muscularis	UBERON_0004648	esophagus (muscularis)	naive	590	exon	32913098	bulk
QTS000015	QTD000248	GTEx_v10	esophagus_muscularis	UBERON_0004648	esophagus (muscularis)	naive	590	tx	32913098	bulk
QTS000015	QTD000249	GTEx_v10	esophagus_muscularis	UBERON_0004648	esophagus (muscularis)	naive	590	txrev	32913098	bulk
QTS000015	QTD000250	GTEx_v10	esophagus_muscularis	UBERON_0004648	esophagus (muscularis)	naive	590	leafcutter	32913098	bulk
QTS000015	QTD000251	GTEx_v10	heart_atrial_appendage	UBERON_0006631	heart (atrial appendage)	naive	473	ge	32913098	bulk
QTS000015	QTD000252	GTEx_v10	heart_atrial_appendage	UBERON_0006631	heart (atrial appendage)	naive	473	exon	32913098	bulk
QTS000015	QTD000253	GTEx_v10	heart_atrial_appendage	UBERON_0006631	heart (atrial appendage)	naive	473	tx	32913098	bulk
QTS000015	QTD000254	GTEx_v10	heart_atrial_appendage	UBERON_0006631	heart (atrial appendage)	naive	473	txrev	32913098	bulk
QTS000015	QTD000255	GTEx_v10	heart_atrial_appendage	UBERON_0006631	heart (atrial appendage)	naive	473	leafcutter	32913098	bulk
QTS000015	QTD000256	GTEx_v10	heart_left_ventricle	UBERON_0006566	heart (left ventricle)	naive	481	ge	32913098	bulk
QTS000015	QTD000257	GTEx_v10	heart_left_ventricle	UBERON_0006566	heart (left ventricle)	naive	481	exon	32913098	bulk
QTS000015	QTD000258	GTEx_v10	heart_left_ventricle	UBERON_0006566	heart (left ventricle)	naive	481	tx	32913098	bulk
QTS000015	QTD000259	GTEx_v10	heart_left_ventricle	UBERON_0006566	heart (left ventricle)	naive	481	txrev	32913098	bulk
QTS000015	QTD000260	GTEx_v10	heart_left_ventricle	UBERON_0006566	heart (left ventricle)	naive	481	leafcutter	32913098	bulk
QTS000015	QTD000261	GTEx_v10	kidney_cortex	UBERON_0001225	kidney (cortex)	naive	106	ge	32913098	bulk
QTS000015	QTD000262	GTEx_v10	kidney_cortex	UBERON_0001225	kidney (cortex)	naive	106	exon	32913098	bulk
QTS000015	QTD000263	GTEx_v10	kidney_cortex	UBERON_0001225	kidney (cortex)	naive	106	tx	32913098	bulk
QTS000015	QTD000264	GTEx_v10	kidney_cortex	UBERON_0001225	kidney (cortex)	naive	106	txrev	32913098	bulk
QTS000015	QTD000265	GTEx_v10	kidney_cortex	UBERON_0001225	kidney (cortex)	naive	106	leafcutter	32913098	bulk
QTS000015	QTD000266	GTEx_v10	liver	UBERON_0001114	liver	naive	269	ge	32913098	bulk
QTS000015	QTD000267	GTEx_v10	liver	UBERON_0001114	liver	naive	269	exon	32913098	bulk
QTS000015	QTD000268	GTEx_v10	liver	UBERON_0001114	liver	naive	269	tx	32913098	bulk
QTS000015	QTD000269	GTEx_v10	liver	UBERON_0001114	liver	naive	269	txrev	32913098	bulk
QTS000015	QTD000270	GTEx_v10	liver	UBERON_0001114	liver	naive	269	leafcutter	32913098	bulk
QTS000015	QTD000271	GTEx_v10	lung	UBERON_0008952	lung	naive	652	ge	32913098	bulk
QTS000015	QTD000272	GTEx_v10	lung	UBERON_0008952	lung	naive	652	exon	32913098	bulk
QTS000015	QTD000273	GTEx_v10	lung	UBERON_0008952	lung	naive	652	tx	32913098	bulk
QTS000015	QTD000274	GTEx_v10	lung	UBERON_0008952	lung	naive	652	txrev	32913098	bulk
QTS000015	QTD000275	GTEx_v10	lung	UBERON_0008952	lung	naive	652	leafcutter	32913098	bulk
QTS000015	QTD000276	GTEx_v10	minor_salivary_gland	UBERON_0006330	minor salivary gland	naive	185	ge	32913098	bulk
QTS000015	QTD000277	GTEx_v10	minor_salivary_gland	UBERON_0006330	minor salivary gland	naive	185	exon	32913098	bulk
QTS000015	QTD000278	GTEx_v10	minor_salivary_gland	UBERON_0006330	minor salivary gland	naive	185	tx	32913098	bulk
QTS000015	QTD000279	GTEx_v10	minor_salivary_gland	UBERON_0006330	minor salivary gland	naive	185	txrev	32913098	bulk
QTS000015	QTD000280	GTEx_v10	minor_salivary_gland	UBERON_0006330	minor salivary gland	naive	185	leafcutter	32913098	bulk
QTS000015	QTD000281	GTEx_v10	muscle	UBERON_0001134	muscle	naive	871	ge	32913098	bulk
QTS000015	QTD000282	GTEx_v10	muscle	UBERON_0001134	muscle	naive	871	exon	32913098	bulk
QTS000015	QTD000283	GTEx_v10	muscle	UBERON_0001134	muscle	naive	871	tx	32913098	bulk
QTS000015	QTD000284	GTEx_v10	muscle	UBERON_0001134	muscle	naive	871	txrev	32913098	bulk
QTS000015	QTD000285	GTEx_v10	muscle	UBERON_0001134	muscle	naive	871	leafcutter	32913098	bulk
QTS000015	QTD000286	GTEx_v10	nerve_tibial	UBERON_0001323	tibial nerve	naive	708	ge	32913098	bulk
QTS000015	QTD000287	GTEx_v10	nerve_tibial	UBERON_0001323	tibial nerve	naive	708	exon	32913098	bulk
QTS000015	QTD000288	GTEx_v10	nerve_tibial	UBERON_0001323	tibial nerve	naive	708	tx	32913098	bulk
QTS000015	QTD000289	GTEx_v10	nerve_tibial	UBERON_0001323	tibial nerve	naive	708	txrev	32913098	bulk
QTS000015	QTD000290	GTEx_v10	nerve_tibial	UBERON_0001323	tibial nerve	naive	708	leafcutter	32913098	bulk
QTS000015	QTD000291	GTEx_v10	ovary	UBERON_0000992	ovary	naive	201	ge	32913098	bulk
QTS000015	QTD000292	GTEx_v10	ovary	UBERON_0000992	ovary	naive	201	exon	32913098	bulk
QTS000015	QTD000293	GTEx_v10	ovary	UBERON_0000992	ovary	naive	201	tx	32913098	bulk
QTS000015	QTD000294	GTEx_v10	ovary	UBERON_0000992	ovary	naive	201	txrev	32913098	bulk
QTS000015	QTD000295	GTEx_v10	ovary	UBERON_0000992	ovary	naive	201	leafcutter	32913098	bulk
QTS000015	QTD000296	GTEx_v10	pancreas	UBERON_0001150	pancreas	naive	376	ge	32913098	bulk
QTS000015	QTD000297	GTEx_v10	pancreas	UBERON_0001150	pancreas	naive	376	exon	32913098	bulk
QTS000015	QTD000298	GTEx_v10	pancreas	UBERON_0001150	pancreas	naive	376	tx	32913098	bulk
QTS000015	QTD000299	GTEx_v10	pancreas	UBERON_0001150	pancreas	naive	376	txrev	32913098	bulk
QTS000015	QTD000300	GTEx_v10	pancreas	UBERON_0001150	pancreas	naive	376	leafcutter	32913098	bulk
QTS000015	QTD000301	GTEx_v10	pituitary	UBERON_0000007	pituitary	naive	324	ge	32913098	bulk
QTS000015	QTD000302	GTEx_v10	pituitary	UBERON_0000007	pituitary	naive	324	exon	32913098	bulk
QTS000015	QTD000303	GTEx_v10	pituitary	UBERON_0000007	pituitary	naive	324	tx	32913098	bulk
QTS000015	QTD000304	GTEx_v10	pituitary	UBERON_0000007	pituitary	naive	324	txrev	32913098	bulk
QTS000015	QTD000305	GTEx_v10	pituitary	UBERON_0000007	pituitary	naive	324	leafcutter	32913098	bulk
QTS000015	QTD000306	GTEx_v10	prostate	UBERON_0002367	prostate	naive	294	ge	32913098	bulk
QTS000015	QTD000307	GTEx_v10	prostate	UBERON_0002367	prostate	naive	294	exon	32913098	bulk
QTS000015	QTD000308	GTEx_v10	prostate	UBERON_0002367	prostate	naive	294	tx	32913098	bulk
QTS000015	QTD000309	GTEx_v10	prostate	UBERON_0002367	prostate	naive	294	txrev	32913098	bulk
QTS000015	QTD000310	GTEx_v10	prostate	UBERON_0002367	prostate	naive	294	leafcutter	32913098	bulk
QTS000015	QTD000311	GTEx_v10	skin_not_sun_exposed	UBERON_0036149	skin (suprapubic)	naive	668	ge	32913098	bulk
QTS000015	QTD000312	GTEx_v10	skin_not_sun_exposed	UBERON_0036149	skin (suprapubic)	naive	668	exon	32913098	bulk
QTS000015	QTD000313	GTEx_v10	skin_not_sun_exposed	UBERON_0036149	skin (suprapubic)	naive	668	tx	32913098	bulk
QTS000015	QTD000314	GTEx_v10	skin_not_sun_exposed	UBERON_0036149	skin (suprapubic)	naive	668	txrev	32913098	bulk
QTS000015	QTD000315	GTEx_v10	skin_not_sun_exposed	UBERON_0036149	skin (suprapubic)	naive	668	leafcutter	32913098	bulk
QTS000015	QTD000316	GTEx_v10	skin_sun_exposed	UBERON_0002097	skin	naive	802	ge	32913098	bulk
QTS000015	QTD000317	GTEx_v10	skin_sun_exposed	UBERON_0002097	skin	naive	802	exon	32913098	bulk
QTS000015	QTD000318	GTEx_v10	skin_sun_exposed	UBERON_0002097	skin	naive	802	tx	32913098	bulk
QTS000015	QTD000319	GTEx_v10	skin_sun_exposed	UBERON_0002097	skin	naive	802	txrev	32913098	bulk
QTS000015	QTD000320	GTEx_v10	skin_sun_exposed	UBERON_0002097	skin	naive	802	leafcutter	32913098	bulk
QTS000015	QTD000321	GTEx_v10	small_intestine	UBERON_0001211	small intestine	naive	212	ge	32913098	bulk
QTS000015	QTD000322	GTEx_v10	small_intestine	UBERON_0001211	small intestine	naive	212	exon	32913098	bulk
QTS000015	QTD000323	GTEx_v10	small_intestine	UBERON_0001211	small intestine	naive	212	tx	32913098	bulk
QTS000015	QTD000324	GTEx_v10	small_intestine	UBERON_0001211	small intestine	naive	212	txrev	32913098	bulk
QTS000015	QTD000325	GTEx_v10	small_intestine	UBERON_0001211	small intestine	naive	212	leafcutter	32913098	bulk
QTS000015	QTD000326	GTEx_v10	spleen	UBERON_0002106	spleen	naive	280	ge	32913098	bulk
QTS000015	QTD000327	GTEx_v10	spleen	UBERON_0002106	spleen	naive	280	exon	32913098	bulk
QTS000015	QTD000328	GTEx_v10	spleen	UBERON_0002106	spleen	naive	280	tx	32913098	bulk
QTS000015	QTD000329	GTEx_v10	spleen	UBERON_0002106	spleen	naive	280	txrev	32913098	bulk
QTS000015	QTD000330	GTEx_v10	spleen	UBERON_0002106	spleen	naive	280	leafcutter	32913098	bulk
QTS000015	QTD000331	GTEx_v10	stomach	UBERON_0000945	stomach	naive	418	ge	32913098	bulk
QTS000015	QTD000332	GTEx_v10	stomach	UBERON_0000945	stomach	naive	418	exon	32913098	bulk
QTS000015	QTD000333	GTEx_v10	stomach	UBERON_0000945	stomach	naive	418	tx	32913098	bulk
QTS000015	QTD000334	GTEx_v10	stomach	UBERON_0000945	stomach	naive	418	txrev	32913098	bulk
QTS000015	QTD000335	GTEx_v10	stomach	UBERON_0000945	stomach	naive	418	leafcutter	32913098	bulk
QTS000015	QTD000336	GTEx_v10	testis	UBERON_0000473	testis	naive	424	ge	32913098	bulk
QTS000015	QTD000337	GTEx_v10	testis	UBERON_0000473	testis	naive	424	exon	32913098	bulk
QTS000015	QTD000338	GTEx_v10	testis	UBERON_0000473	testis	naive	424	tx	32913098	bulk
QTS000015	QTD000339	GTEx_v10	testis	UBERON_0000473	testis	naive	424	txrev	32913098	bulk
QTS000015	QTD000340	GTEx_v10	testis	UBERON_0000473	testis	naive	424	leafcutter	32913098	bulk
QTS000015	QTD000341	GTEx_v10	thyroid	UBERON_0002046	thyroid	naive	724	ge	32913098	bulk
QTS000015	QTD000342	GTEx_v10	thyroid	UBERON_0002046	thyroid	naive	724	exon	32913098	bulk
QTS000015	QTD000343	GTEx_v10	thyroid	UBERON_0002046	thyroid	naive	724	tx	32913098	bulk
QTS000015	QTD000344	GTEx_v10	thyroid	UBERON_0002046	thyroid	naive	724	txrev	32913098	bulk
QTS000015	QTD000345	GTEx_v10	thyroid	UBERON_0002046	thyroid	naive	724	leafcutter	32913098	bulk
QTS000015	QTD000346	GTEx_v10	uterus	UBERON_0000995	uterus	naive	161	ge	32913098	bulk
QTS000015	QTD000347	GTEx_v10	uterus	UBERON_0000995	uterus	naive	161	exon	32913098	bulk
QTS000015	QTD000348	GTEx_v10	uterus	UBERON_0000995	uterus	naive	161	tx	32913098	bulk
QTS000015	QTD000349	GTEx_v10	uterus	UBERON_0000995	uterus	naive	161	txrev	32913098	bulk
QTS000015	QTD000350	GTEx_v10	uterus	UBERON_0000995	uterus	naive	161	leafcutter	32913098	bulk
QTS000015	QTD000351	GTEx_v10	vagina	UBERON_0000996	vagina	naive	176	ge	32913098	bulk
QTS000015	QTD000352	GTEx_v10	vagina	UBERON_0000996	vagina	naive	176	exon	32913098	bulk
QTS000015	QTD000353	GTEx_v10	vagina	UBERON_0000996	vagina	naive	176	tx	32913098	bulk
QTS000015	QTD000354	GTEx_v10	vagina	UBERON_0000996	vagina	naive	176	txrev	32913098	bulk
QTS000015	QTD000355	GTEx_v10	vagina	UBERON_0000996	vagina	naive	176	leafcutter	32913098	bulk
QTS000015	QTD000356	GTEx_v10	blood	UBERON_0000178	blood	naive	853	ge	32913098	bulk
QTS000015	QTD000357	GTEx_v10	blood	UBERON_0000178	blood	naive	853	exon	32913098	bulk
QTS000015	QTD000358	GTEx_v10	blood	UBERON_0000178	blood	naive	853	tx	32913098	bulk
QTS000015	QTD000359	GTEx_v10	blood	UBERON_0000178	blood	naive	853	txrev	32913098	bulk
QTS000015	QTD000360	GTEx_v10	blood	UBERON_0000178	blood	naive	853	leafcutter	32913098	bulk
QTS000015	QTD000951	GTEx_v10	adipose_subcutaneous	UBERON_0001013	adipose	naive	749	majiq	32913098	bulk
QTS000015	QTD000952	GTEx_v10	adipose_visceral	UBERON_0010414	adipose (visceral)	naive	606	majiq	32913098	bulk
QTS000015	QTD000953	GTEx_v10	adrenal_gland	UBERON_0002369	adrenal gland	naive	305	majiq	32913098	bulk
QTS000015	QTD000954	GTEx_v10	artery_aorta	UBERON_0001496	artery (aorta)	naive	492	majiq	32913098	bulk
QTS000015	QTD000955	GTEx_v10	artery_coronary	UBERON_0001621	artery (coronary)	naive	279	majiq	32913098	bulk
QTS000015	QTD000956	GTEx_v10	artery_tibial	UBERON_0007610	artery (tibial)	naive	736	majiq	32913098	bulk
QTS000015	QTD000957	GTEx_v10	brain_amygdala	UBERON_0001876	brain (amygdala)	naive	202	majiq	32913098	bulk
QTS000015	QTD000958	GTEx_v10	brain_anterior_cingulate_cortex	UBERON_0009835	brain (anterior cingulate cortex)	naive	242	majiq	32913098	bulk
QTS000015	QTD000959	GTEx_v10	brain_caudate	UBERON_0001873	brain (caudate)	naive	315	majiq	32913098	bulk
QTS000015	QTD000960	GTEx_v10	brain_cerebellar_hemisphere	UBERON_0002037	brain (cerebellum)	naive	286	majiq	32913098	bulk
QTS000015	QTD000961	GTEx_v10	brain_cerebellum	UBERON_0002037	brain (cerebellum)	naive	272	majiq	32913098	bulk
QTS000015	QTD000962	GTEx_v10	brain_cortex	UBERON_0001870	brain (cortex)	naive	284	majiq	32913098	bulk
QTS000015	QTD000963	GTEx_v10	brain_frontal_cortex	UBERON_0009834	brain (DLPFC)	naive	285	majiq	32913098	bulk
QTS000015	QTD000964	GTEx_v10	brain_hippocampus	UBERON_0001954	brain (hippocampus)	naive	272	majiq	32913098	bulk
QTS000015	QTD000965	GTEx_v10	brain_hypothalamus	UBERON_0001898	brain (hypothalamus)	naive	276	majiq	32913098	bulk
QTS000015	QTD000966	GTEx_v10	brain_nucleus_accumbens	UBERON_0001882	brain (nucleus accumbens)	naive	308	majiq	32913098	bulk
QTS000015	QTD000967	GTEx_v10	brain_putamen	UBERON_0001874	brain (putamen)	naive	267	majiq	32913098	bulk
QTS000015	QTD000968	GTEx_v10	brain_spinal_cord	UBERON_0006469	brain (spinal cord)	naive	213	majiq	32913098	bulk
QTS000015	QTD000969	GTEx_v10	brain_substantia_nigra	UBERON_0002038	brain (substantia nigra)	naive	193	majiq	32913098	bulk
QTS000015	QTD000970	GTEx_v10	breast	UBERON_0008367	breast	naive	530	majiq	32913098	bulk
QTS000015	QTD000971	GTEx_v10	fibroblast	CL_0000057	fibroblast	naive	659	majiq	32913098	bulk
QTS000015	QTD000972	GTEx_v10	LCL	EFO_0005292	LCL	naive	329	majiq	32913098	bulk
QTS000015	QTD000973	GTEx_v10	colon_sigmoid	UBERON_0001159	sigmoid colon	naive	430	majiq	32913098	bulk
QTS000015	QTD000974	GTEx_v10	colon_transverse	UBERON_0001157	transverse colon	naive	497	majiq	32913098	bulk
QTS000015	QTD000975	GTEx_v10	esophagus_gej	UBERON_0004550	esophagus (gej)	naive	419	majiq	32913098	bulk
QTS000015	QTD000976	GTEx_v10	esophagus_mucosa	UBERON_0006920	esophagus (mucosa)	naive	634	majiq	32913098	bulk
QTS000015	QTD000977	GTEx_v10	esophagus_muscularis	UBERON_0004648	esophagus (muscularis)	naive	590	majiq	32913098	bulk
QTS000015	QTD000978	GTEx_v10	heart_atrial_appendage	UBERON_0006631	heart (atrial appendage)	naive	473	majiq	32913098	bulk
QTS000015	QTD000979	GTEx_v10	heart_left_ventricle	UBERON_0006566	heart (left ventricle)	naive	481	majiq	32913098	bulk
QTS000015	QTD000980	GTEx_v10	kidney_cortex	UBERON_0001225	kidney (cortex)	naive	106	majiq	32913098	bulk
QTS000015	QTD000981	GTEx_v10	liver	UBERON_0001114	liver	naive	269	majiq	32913098	bulk
QTS000015	QTD000982	GTEx_v10	lung	UBERON_0008952	lung	naive	652	majiq	32913098	bulk
QTS000015	QTD000983	GTEx_v10	minor_salivary_gland	UBERON_0006330	minor salivary gland	naive	185	majiq	32913098	bulk
QTS000015	QTD000984	GTEx_v10	muscle	UBERON_0001134	muscle	naive	871	majiq	32913098	bulk
QTS000015	QTD000985	GTEx_v10	nerve_tibial	UBERON_0001323	tibial nerve	naive	708	majiq	32913098	bulk
QTS000015	QTD000986	GTEx_v10	ovary	UBERON_0000992	ovary	naive	201	majiq	32913098	bulk
QTS000015	QTD000987	GTEx_v10	pancreas	UBERON_0001150	pancreas	naive	376	majiq	32913098	bulk
QTS000015	QTD000988	GTEx_v10	pituitary	UBERON_0000007	pituitary	naive	324	majiq	32913098	bulk
QTS000015	QTD000989	GTEx_v10	prostate	UBERON_0002367	prostate	naive	294	majiq	32913098	bulk
QTS000015	QTD000990	GTEx_v10	skin_not_sun_exposed	UBERON_0036149	skin (suprapubic)	naive	668	majiq	32913098	bulk
QTS000015	QTD000991	GTEx_v10	skin_sun_exposed	UBERON_0002097	skin	naive	802	majiq	32913098	bulk
QTS000015	QTD000992	GTEx_v10	small_intestine	UBERON_0001211	small intestine	naive	212	majiq	32913098	bulk
QTS000015	QTD000993	GTEx_v10	spleen	UBERON_0002106	spleen	naive	280	majiq	32913098	bulk
QTS000015	QTD000994	GTEx_v10	stomach	UBERON_0000945	stomach	naive	418	majiq	32913098	bulk
QTS000015	QTD000995	GTEx_v10	testis	UBERON_0000473	testis	naive	424	majiq	32913098	bulk
QTS000015	QTD000996	GTEx_v10	thyroid	UBERON_0002046	thyroid	naive	724	majiq	32913098	bulk
QTS000015	QTD000997	GTEx_v10	uterus	UBERON_0000995	uterus	naive	161	majiq	32913098	bulk
QTS000015	QTD000998	GTEx_v10	vagina	UBERON_0000996	vagina	naive	176	majiq	32913098	bulk
QTS000015	QTD000999	GTEx_v10	blood	UBERON_0000178	blood	naive	853	majiq	32913098	bulk
QTS000016	QTD000361	HipSci	iPSC	EFO_0004905	iPSC	naive	322	ge	28489815	bulk
QTS000016	QTD000362	HipSci	iPSC	EFO_0004905	iPSC	naive	322	exon	28489815	bulk
QTS000016	QTD000363	HipSci	iPSC	EFO_0004905	iPSC	naive	322	tx	28489815	bulk
QTS000016	QTD000364	HipSci	iPSC	EFO_0004905	iPSC	naive	322	txrev	28489815	bulk
QTS000016	QTD000365	HipSci	iPSC	EFO_0004905	iPSC	naive	322	leafcutter	28489815	bulk
QTS000016	QTD001235	HipSci	iPSC	EFO_0004905	iPSC	naive	322	majiq	28489815	bulk
QTS000017	QTD000366	iPSCORE	iPSC	EFO_0004905	iPSC	naive	101	ge	28410642	bulk
QTS000017	QTD000367	iPSCORE	iPSC	EFO_0004905	iPSC	naive	101	exon	28410642	bulk
QTS000017	QTD000368	iPSCORE	iPSC	EFO_0004905	iPSC	naive	101	tx	28410642	bulk
QTS000017	QTD000369	iPSCORE	iPSC	EFO_0004905	iPSC	naive	101	txrev	28410642	bulk
QTS000017	QTD000370	iPSCORE	iPSC	EFO_0004905	iPSC	naive	101	leafcutter	28410642	bulk
QTS000017	QTD001236	iPSCORE	iPSC	EFO_0004905	iPSC	naive	101	majiq	28410642	bulk
QTS000018	QTD000371	Kasela_2017	T-cell_CD4	CL_0000624	CD4+ T cell	naive	280	microarray	28248954	bulk
QTS000018	QTD000372	Kasela_2017	T-cell_CD8	CL_0000625	CD8+ T cell	naive	269	microarray	28248954	bulk
QTS000019	QTD000373	Lepik_2017	blood	UBERON_0000178	blood	naive	443	ge	28922377	bulk
QTS000019	QTD000374	Lepik_2017	blood	UBERON_0000178	blood	naive	443	exon	28922377	bulk
QTS000019	QTD000375	Lepik_2017	blood	UBERON_0000178	blood	naive	443	tx	28922377	bulk
QTS000019	QTD000376	Lepik_2017	blood	UBERON_0000178	blood	naive	443	txrev	28922377	bulk
QTS000019	QTD000377	Lepik_2017	blood	UBERON_0000178	blood	naive	443	leafcutter	28922377	bulk
QTS000019	QTD001237	Lepik_2017	blood	UBERON_0000178	blood	naive	443	majiq	28922377	bulk
QTS000020	QTD000378	Naranbhai_2015	neutrophil_CD16	CL_0000775	neutrophil	naive	93	microarray	26151758	bulk
QTS000021	QTD000379	Nedelec_2016	macrophage_Listeria	CL_0000235	macrophage	Listeria_5h	163	ge	27768889	bulk
QTS000021	QTD000380	Nedelec_2016	macrophage_Listeria	CL_0000235	macrophage	Listeria_5h	163	exon	27768889	bulk
QTS000021	QTD000381	Nedelec_2016	macrophage_Listeria	CL_0000235	macrophage	Listeria_5h	163	tx	27768889	bulk
QTS000021	QTD000382	Nedelec_2016	macrophage_Listeria	CL_0000235	macrophage	Listeria_5h	163	txrev	27768889	bulk
QTS000021	QTD000383	Nedelec_2016	macrophage_Listeria	CL_0000235	macrophage	Listeria_5h	163	leafcutter	27768889	bulk
QTS000021	QTD000384	Nedelec_2016	macrophage_naive	CL_0000235	macrophage	naive	163	ge	27768889	bulk
QTS000021	QTD000385	Nedelec_2016	macrophage_naive	CL_0000235	macrophage	naive	163	exon	27768889	bulk
QTS000021	QTD000386	Nedelec_2016	macrophage_naive	CL_0000235	macrophage	naive	163	tx	27768889	bulk
QTS000021	QTD000387	Nedelec_2016	macrophage_naive	CL_0000235	macrophage	naive	163	txrev	27768889	bulk
QTS000021	QTD000388	Nedelec_2016	macrophage_naive	CL_0000235	macrophage	naive	163	leafcutter	27768889	bulk
QTS000021	QTD000389	Nedelec_2016	macrophage_Salmonella	CL_0000235	macrophage	Salmonella_5h	167	ge	27768889	bulk
QTS000021	QTD000390	Nedelec_2016	macrophage_Salmonella	CL_0000235	macrophage	Salmonella_5h	167	exon	27768889	bulk
QTS000021	QTD000391	Nedelec_2016	macrophage_Salmonella	CL_0000235	macrophage	Salmonella_5h	167	tx	27768889	bulk
QTS000021	QTD000392	Nedelec_2016	macrophage_Salmonella	CL_0000235	macrophage	Salmonella_5h	167	txrev	27768889	bulk
QTS000021	QTD000393	Nedelec_2016	macrophage_Salmonella	CL_0000235	macrophage	Salmonella_5h	167	leafcutter	27768889	bulk
QTS000021	QTD001238	Nedelec_2016	macrophage_Listeria	CL_0000235	macrophage	Listeria_5h	163	majiq	27768889	bulk
QTS000021	QTD001239	Nedelec_2016	macrophage_naive	CL_0000235	macrophage	naive	163	majiq	27768889	bulk
QTS000021	QTD001240	Nedelec_2016	macrophage_Salmonella	CL_0000235	macrophage	Salmonella_5h	167	majiq	27768889	bulk
QTS000022	QTD000394	Peng_2018	placenta_naive	UBERON_0001987	placenta	naive	149	ge	30596636	bulk
QTS000022	QTD000395	Peng_2018	placenta_naive	UBERON_0001987	placenta	naive	149	exon	30596636	bulk
QTS000022	QTD000396	Peng_2018	placenta_naive	UBERON_0001987	placenta	naive	149	tx	30596636	bulk
QTS000022	QTD000397	Peng_2018	placenta_naive	UBERON_0001987	placenta	naive	149	txrev	30596636	bulk
QTS000022	QTD000398	Peng_2018	placenta_naive	UBERON_0001987	placenta	naive	149	leafcutter	30596636	bulk
QTS000022	QTD001241	Peng_2018	placenta_naive	UBERON_0001987	placenta	naive	149	majiq	30596636	bulk
QTS000023	QTD000399	PhLiPS	iPSC	EFO_0004905	iPSC	naive	83	ge	28388432	bulk
QTS000023	QTD000400	PhLiPS	iPSC	EFO_0004905	iPSC	naive	83	exon	28388432	bulk
QTS000023	QTD000401	PhLiPS	iPSC	EFO_0004905	iPSC	naive	83	tx	28388432	bulk
QTS000023	QTD000402	PhLiPS	iPSC	EFO_0004905	iPSC	naive	83	txrev	28388432	bulk
QTS000023	QTD000403	PhLiPS	iPSC	EFO_0004905	iPSC	naive	83	leafcutter	28388432	bulk
QTS000023	QTD000404	PhLiPS	HLC	CL_0000182	hepatocyte	naive	79	ge	28388432	bulk
QTS000023	QTD000405	PhLiPS	HLC	CL_0000182	hepatocyte	naive	79	exon	28388432	bulk
QTS000023	QTD000406	PhLiPS	HLC	CL_0000182	hepatocyte	naive	79	tx	28388432	bulk
QTS000023	QTD000407	PhLiPS	HLC	CL_0000182	hepatocyte	naive	79	txrev	28388432	bulk
QTS000023	QTD000408	PhLiPS	HLC	CL_0000182	hepatocyte	naive	79	leafcutter	28388432	bulk
QTS000023	QTD001242	PhLiPS	iPSC	EFO_0004905	iPSC	naive	83	majiq	28388432	bulk
QTS000023	QTD001243	PhLiPS	HLC	CL_0000182	hepatocyte	naive	79	majiq	28388432	bulk
QTS000024	QTD000409	Quach_2016	monocyte_naive	CL_0002057	monocyte	naive	200	ge	27768888	bulk
QTS000024	QTD000410	Quach_2016	monocyte_naive	CL_0002057	monocyte	naive	200	exon	27768888	bulk
QTS000024	QTD000412	Quach_2016	monocyte_naive	CL_0002057	monocyte	naive	200	txrev	27768888	bulk
QTS000024	QTD000413	Quach_2016	monocyte_naive	CL_0002057	monocyte	naive	200	leafcutter	27768888	bulk
QTS000024	QTD000414	Quach_2016	monocyte_LPS	CL_0002057	monocyte	LPS_6h	184	ge	27768888	bulk
QTS000024	QTD000415	Quach_2016	monocyte_LPS	CL_0002057	monocyte	LPS_6h	184	exon	27768888	bulk
QTS000024	QTD000417	Quach_2016	monocyte_LPS	CL_0002057	monocyte	LPS_6h	184	txrev	27768888	bulk
QTS000024	QTD000418	Quach_2016	monocyte_LPS	CL_0002057	monocyte	LPS_6h	184	leafcutter	27768888	bulk
QTS000024	QTD000419	Quach_2016	monocyte_Pam3CSK4	CL_0002057	monocyte	Pam3CSK4_6h	196	ge	27768888	bulk
QTS000024	QTD000420	Quach_2016	monocyte_Pam3CSK4	CL_0002057	monocyte	Pam3CSK4_6h	196	exon	27768888	bulk
QTS000024	QTD000422	Quach_2016	monocyte_Pam3CSK4	CL_0002057	monocyte	Pam3CSK4_6h	196	txrev	27768888	bulk
QTS000024	QTD000423	Quach_2016	monocyte_Pam3CSK4	CL_0002057	monocyte	Pam3CSK4_6h	196	leafcutter	27768888	bulk
QTS000024	QTD000424	Quach_2016	monocyte_R848	CL_0002057	monocyte	R848_6h	191	ge	27768888	bulk
QTS000024	QTD000425	Quach_2016	monocyte_R848	CL_0002057	monocyte	R848_6h	191	exon	27768888	bulk
QTS000024	QTD000427	Quach_2016	monocyte_R848	CL_0002057	monocyte	R848_6h	191	txrev	27768888	bulk
QTS000024	QTD000428	Quach_2016	monocyte_R848	CL_0002057	monocyte	R848_6h	191	leafcutter	27768888	bulk
QTS000024	QTD000429	Quach_2016	monocyte_IAV	CL_0002057	monocyte	Influenza_6h	198	ge	27768888	bulk
QTS000024	QTD000430	Quach_2016	monocyte_IAV	CL_0002057	monocyte	Influenza_6h	198	exon	27768888	bulk
QTS000024	QTD000432	Quach_2016	monocyte_IAV	CL_0002057	monocyte	Influenza_6h	198	txrev	27768888	bulk
QTS000024	QTD000433	Quach_2016	monocyte_IAV	CL_0002057	monocyte	Influenza_6h	198	leafcutter	27768888	bulk
QTS000024	QTD001215	Quach_2016	monocyte_naive	CL_0002057	monocyte	naive	200	majiq	27768888	bulk
QTS000024	QTD001216	Quach_2016	monocyte_LPS	CL_0002057	monocyte	LPS_6h	184	majiq	27768888	bulk
QTS000024	QTD001217	Quach_2016	monocyte_Pam3CSK4	CL_0002057	monocyte	Pam3CSK4_6h	196	majiq	27768888	bulk
QTS000024	QTD001218	Quach_2016	monocyte_R848	CL_0002057	monocyte	R848_6h	191	majiq	27768888	bulk
QTS000024	QTD001219	Quach_2016	monocyte_IAV	CL_0002057	monocyte	Influenza_6h	198	majiq	27768888	bulk
QTS000025	QTD000434	ROSMAP	brain_naive	UBERON_0009834	brain (DLPFC)	naive	560	ge	28869584	bulk
QTS000025	QTD000435	ROSMAP	brain_naive	UBERON_0009834	brain (DLPFC)	naive	560	exon	28869584	bulk
QTS000025	QTD000436	ROSMAP	brain_naive	UBERON_0009834	brain (DLPFC)	naive	560	tx	28869584	bulk
QTS000025	QTD000437	ROSMAP	brain_naive	UBERON_0009834	brain (DLPFC)	naive	560	txrev	28869584	bulk
QTS000025	QTD000438	ROSMAP	brain_naive	UBERON_0009834	brain (DLPFC)	naive	560	leafcutter	28869584	bulk
QTS000025	QTD001244	ROSMAP	brain_naive	UBERON_0009834	brain (DLPFC)	naive	560	majiq	28869584	bulk
QTS000026	QTD000439	Schmiedel_2018	Tfh_memory	CL_0002038	Tfh cell	naive	89	ge	30449622	bulk
QTS000026	QTD000440	Schmiedel_2018	Tfh_memory	CL_0002038	Tfh cell	naive	89	exon	30449622	bulk
QTS000026	QTD000441	Schmiedel_2018	Tfh_memory	CL_0002038	Tfh cell	naive	89	tx	30449622	bulk
QTS000026	QTD000442	Schmiedel_2018	Tfh_memory	CL_0002038	Tfh cell	naive	89	txrev	30449622	bulk
QTS000026	QTD000443	Schmiedel_2018	Tfh_memory	CL_0002038	Tfh cell	naive	89	leafcutter	30449622	bulk
QTS000026	QTD000444	Schmiedel_2018	Th17_memory	CL_0000899	Th17 cell	naive	89	ge	30449622	bulk
QTS000026	QTD000445	Schmiedel_2018	Th17_memory	CL_0000899	Th17 cell	naive	89	exon	30449622	bulk
QTS000026	QTD000446	Schmiedel_2018	Th17_memory	CL_0000899	Th17 cell	naive	89	tx	30449622	bulk
QTS000026	QTD000447	Schmiedel_2018	Th17_memory	CL_0000899	Th17 cell	naive	89	txrev	30449622	bulk
QTS000026	QTD000448	Schmiedel_2018	Th17_memory	CL_0000899	Th17 cell	naive	89	leafcutter	30449622	bulk
QTS000026	QTD000449	Schmiedel_2018	Th1_memory	CL_0000545	Th1 cell	naive	82	ge	30449622	bulk
QTS000026	QTD000450	Schmiedel_2018	Th1_memory	CL_0000545	Th1 cell	naive	82	exon	30449622	bulk
QTS000026	QTD000451	Schmiedel_2018	Th1_memory	CL_0000545	Th1 cell	naive	82	tx	30449622	bulk
QTS000026	QTD000452	Schmiedel_2018	Th1_memory	CL_0000545	Th1 cell	naive	82	txrev	30449622	bulk
QTS000026	QTD000453	Schmiedel_2018	Th1_memory	CL_0000545	Th1 cell	naive	82	leafcutter	30449622	bulk
QTS000026	QTD000454	Schmiedel_2018	Th2_memory	CL_0000546	Th2 cell	naive	89	ge	30449622	bulk
QTS000026	QTD000455	Schmiedel_2018	Th2_memory	CL_0000546	Th2 cell	naive	89	exon	30449622	bulk
QTS000026	QTD000456	Schmiedel_2018	Th2_memory	CL_0000546	Th2 cell	naive	89	tx	30449622	bulk
QTS000026	QTD000457	Schmiedel_2018	Th2_memory	CL_0000546	Th2 cell	naive	89	txrev	30449622	bulk
QTS000026	QTD000458	Schmiedel_2018	Th2_memory	CL_0000546	Th2 cell	naive	89	leafcutter	30449622	bulk
QTS000026	QTD000459	Schmiedel_2018	Th1-17_memory	CL_0000899	Th17 cell	naive	88	ge	30449622	bulk
QTS000026	QTD000460	Schmiedel_2018	Th1-17_memory	CL_0000899	Th17 cell	naive	88	exon	30449622	bulk
QTS000026	QTD000461	Schmiedel_2018	Th1-17_memory	CL_0000899	Th17 cell	naive	88	tx	30449622	bulk
QTS000026	QTD000462	Schmiedel_2018	Th1-17_memory	CL_0000899	Th17 cell	naive	88	txrev	30449622	bulk
QTS000026	QTD000463	Schmiedel_2018	Th1-17_memory	CL_0000899	Th17 cell	naive	88	leafcutter	30449622	bulk
QTS000026	QTD000464	Schmiedel_2018	Treg_memory	CL_0002678	Treg naive	naive	89	ge	30449622	bulk
QTS000026	QTD000465	Schmiedel_2018	Treg_memory	CL_0002678	Treg naive	naive	89	exon	30449622	bulk
QTS000026	QTD000466	Schmiedel_2018	Treg_memory	CL_0002678	Treg naive	naive	89	tx	30449622	bulk
QTS000026	QTD000467	Schmiedel_2018	Treg_memory	CL_0002678	Treg naive	naive	89	txrev	30449622	bulk
QTS000026	QTD000468	Schmiedel_2018	Treg_memory	CL_0002678	Treg naive	naive	89	leafcutter	30449622	bulk
QTS000026	QTD000469	Schmiedel_2018	Treg_naive	CL_0002677	Treg memory	naive	89	ge	30449622	bulk
QTS000026	QTD000470	Schmiedel_2018	Treg_naive	CL_0002677	Treg memory	naive	89	exon	30449622	bulk
QTS000026	QTD000471	Schmiedel_2018	Treg_naive	CL_0002677	Treg memory	naive	89	tx	30449622	bulk
QTS000026	QTD000472	Schmiedel_2018	Treg_naive	CL_0002677	Treg memory	naive	89	txrev	30449622	bulk
QTS000026	QTD000473	Schmiedel_2018	Treg_naive	CL_0002677	Treg memory	naive	89	leafcutter	30449622	bulk
QTS000026	QTD000474	Schmiedel_2018	B-cell_naive	CL_0000236	B cell	naive	91	ge	30449622	bulk
QTS000026	QTD000475	Schmiedel_2018	B-cell_naive	CL_0000236	B cell	naive	91	exon	30449622	bulk
QTS000026	QTD000476	Schmiedel_2018	B-cell_naive	CL_0000236	B cell	naive	91	tx	30449622	bulk
QTS000026	QTD000477	Schmiedel_2018	B-cell_naive	CL_0000236	B cell	naive	91	txrev	30449622	bulk
QTS000026	QTD000478	Schmiedel_2018	B-cell_naive	CL_0000236	B cell	naive	91	leafcutter	30449622	bulk
QTS000026	QTD000479	Schmiedel_2018	CD4_T-cell_naive	CL_0000624	CD4+ T cell	naive	88	ge	30449622	bulk
QTS000026	QTD000480	Schmiedel_2018	CD4_T-cell_naive	CL_0000624	CD4+ T cell	naive	88	exon	30449622	bulk
QTS000026	QTD000481	Schmiedel_2018	CD4_T-cell_naive	CL_0000624	CD4+ T cell	naive	88	tx	30449622	bulk
QTS000026	QTD000482	Schmiedel_2018	CD4_T-cell_naive	CL_0000624	CD4+ T cell	naive	88	txrev	30449622	bulk
QTS000026	QTD000483	Schmiedel_2018	CD4_T-cell_naive	CL_0000624	CD4+ T cell	naive	88	leafcutter	30449622	bulk
QTS000026	QTD000484	Schmiedel_2018	CD4_T-cell_anti-CD3-CD28	CL_0000624	CD4+ T cell	anti-CD3-CD28_4h	89	ge	30449622	bulk
QTS000026	QTD000485	Schmiedel_2018	CD4_T-cell_anti-CD3-CD28	CL_0000624	CD4+ T cell	anti-CD3-CD28_4h	89	exon	30449622	bulk
QTS000026	QTD000486	Schmiedel_2018	CD4_T-cell_anti-CD3-CD28	CL_0000624	CD4+ T cell	anti-CD3-CD28_4h	89	tx	30449622	bulk
QTS000026	QTD000487	Schmiedel_2018	CD4_T-cell_anti-CD3-CD28	CL_0000624	CD4+ T cell	anti-CD3-CD28_4h	89	txrev	30449622	bulk
QTS000026	QTD000488	Schmiedel_2018	CD4_T-cell_anti-CD3-CD28	CL_0000624	CD4+ T cell	anti-CD3-CD28_4h	89	leafcutter	30449622	bulk
QTS000026	QTD000489	Schmiedel_2018	CD8_T-cell_naive	CL_0000625	CD8+ T cell	naive	89	ge	30449622	bulk
QTS000026	QTD000490	Schmiedel_2018	CD8_T-cell_naive	CL_0000625	CD8+ T cell	naive	89	exon	30449622	bulk
QTS000026	QTD000491	Schmiedel_2018	CD8_T-cell_naive	CL_0000625	CD8+ T cell	naive	89	tx	30449622	bulk
QTS000026	QTD000492	Schmiedel_2018	CD8_T-cell_naive	CL_0000625	CD8+ T cell	naive	89	txrev	30449622	bulk
QTS000026	QTD000493	Schmiedel_2018	CD8_T-cell_naive	CL_0000625	CD8+ T cell	naive	89	leafcutter	30449622	bulk
QTS000026	QTD000494	Schmiedel_2018	CD8_T-cell_anti-CD3-CD28	CL_0000625	CD8+ T cell	anti-CD3-CD28_4h	88	ge	30449622	bulk
QTS000026	QTD000495	Schmiedel_2018	CD8_T-cell_anti-CD3-CD28	CL_0000625	CD8+ T cell	anti-CD3-CD28_4h	88	exon	30449622	bulk
QTS000026	QTD000496	Schmiedel_2018	CD8_T-cell_anti-CD3-CD28	CL_0000625	CD8+ T cell	anti-CD3-CD28_4h	88	tx	30449622	bulk
QTS000026	QTD000497	Schmiedel_2018	CD8_T-cell_anti-CD3-CD28	CL_0000625	CD8+ T cell	anti-CD3-CD28_4h	88	txrev	30449622	bulk
QTS000026	QTD000498	Schmiedel_2018	CD8_T-cell_anti-CD3-CD28	CL_0000625	CD8+ T cell	anti-CD3-CD28_4h	88	leafcutter	30449622	bulk
QTS000026	QTD000499	Schmiedel_2018	monocyte_CD16_naive	CL_0002396	CD16+ monocyte	naive	90	ge	30449622	bulk
QTS000026	QTD000500	Schmiedel_2018	monocyte_CD16_naive	CL_0002396	CD16+ monocyte	naive	90	exon	30449622	bulk
QTS000026	QTD000501	Schmiedel_2018	monocyte_CD16_naive	CL_0002396	CD16+ monocyte	naive	90	tx	30449622	bulk
QTS000026	QTD000502	Schmiedel_2018	monocyte_CD16_naive	CL_0002396	CD16+ monocyte	naive	90	txrev	30449622	bulk
QTS000026	QTD000503	Schmiedel_2018	monocyte_CD16_naive	CL_0002396	CD16+ monocyte	naive	90	leafcutter	30449622	bulk
QTS000026	QTD000504	Schmiedel_2018	monocyte_naive	CL_0002057	monocyte	naive	91	ge	30449622	bulk
QTS000026	QTD000505	Schmiedel_2018	monocyte_naive	CL_0002057	monocyte	naive	91	exon	30449622	bulk
QTS000026	QTD000506	Schmiedel_2018	monocyte_naive	CL_0002057	monocyte	naive	91	tx	30449622	bulk
QTS000026	QTD000507	Schmiedel_2018	monocyte_naive	CL_0002057	monocyte	naive	91	txrev	30449622	bulk
QTS000026	QTD000508	Schmiedel_2018	monocyte_naive	CL_0002057	monocyte	naive	91	leafcutter	30449622	bulk
QTS000026	QTD000509	Schmiedel_2018	NK-cell_naive	CL_0000623	NK cell	naive	90	ge	30449622	bulk
QTS000026	QTD000510	Schmiedel_2018	NK-cell_naive	CL_0000623	NK cell	naive	90	exon	30449622	bulk
QTS000026	QTD000511	Schmiedel_2018	NK-cell_naive	CL_0000623	NK cell	naive	90	tx	30449622	bulk
QTS000026	QTD000512	Schmiedel_2018	NK-cell_naive	CL_0000623	NK cell	naive	90	txrev	30449622	bulk
QTS000026	QTD000513	Schmiedel_2018	NK-cell_naive	CL_0000623	NK cell	naive	90	leafcutter	30449622	bulk
QTS000026	QTD001200	Schmiedel_2018	Tfh_memory	CL_0002038	Tfh cell	naive	89	majiq	30449622	bulk
QTS000026	QTD001201	Schmiedel_2018	Th17_memory	CL_0000899	Th17 cell	naive	89	majiq	30449622	bulk
QTS000026	QTD001202	Schmiedel_2018	Th1_memory	CL_0000545	Th1 cell	naive	82	majiq	30449622	bulk
QTS000026	QTD001203	Schmiedel_2018	Th2_memory	CL_0000546	Th2 cell	naive	89	majiq	30449622	bulk
QTS000026	QTD001204	Schmiedel_2018	Th1-17_memory	CL_0000899	Th17 cell	naive	88	majiq	30449622	bulk
QTS000026	QTD001205	Schmiedel_2018	Treg_memory	CL_0002678	Treg naive	naive	89	majiq	30449622	bulk
QTS000026	QTD001206	Schmiedel_2018	Treg_naive	CL_0002677	Treg memory	naive	89	majiq	30449622	bulk
QTS000026	QTD001207	Schmiedel_2018	B-cell_naive	CL_0000236	B cell	naive	91	majiq	30449622	bulk
QTS000026	QTD001208	Schmiedel_2018	CD4_T-cell_naive	CL_0000624	CD4+ T cell	naive	88	majiq	30449622	bulk
QTS000026	QTD001209	Schmiedel_2018	CD4_T-cell_anti-CD3-CD28	CL_0000624	CD4+ T cell	anti-CD3-CD28_4h	89	majiq	30449622	bulk
QTS000026	QTD001210	Schmiedel_2018	CD8_T-cell_naive	CL_0000625	CD8+ T cell	naive	89	majiq	30449622	bulk
QTS000026	QTD001211	Schmiedel_2018	CD8_T-cell_anti-CD3-CD28	CL_0000625	CD8+ T cell	anti-CD3-CD28_4h	88	majiq	30449622	bulk
QTS000026	QTD001212	Schmiedel_2018	monocyte_CD16_naive	CL_0002396	CD16+ monocyte	naive	90	majiq	30449622	bulk
QTS000026	QTD001213	Schmiedel_2018	monocyte_naive	CL_0002057	monocyte	naive	91	majiq	30449622	bulk
QTS000026	QTD001214	Schmiedel_2018	NK-cell_naive	CL_0000623	NK cell	naive	90	majiq	30449622	bulk
QTS000027	QTD000514	Schwartzentruber_2018	sensory_neuron	CL_0000101	sensory neuron	naive	98	ge	29229984	bulk
QTS000027	QTD000515	Schwartzentruber_2018	sensory_neuron	CL_0000101	sensory neuron	naive	98	exon	29229984	bulk
QTS000027	QTD000516	Schwartzentruber_2018	sensory_neuron	CL_0000101	sensory neuron	naive	98	tx	29229984	bulk
QTS000027	QTD000517	Schwartzentruber_2018	sensory_neuron	CL_0000101	sensory neuron	naive	98	txrev	29229984	bulk
QTS000027	QTD000518	Schwartzentruber_2018	sensory_neuron	CL_0000101	sensory neuron	naive	98	leafcutter	29229984	bulk
QTS000027	QTD001245	Schwartzentruber_2018	sensory_neuron	CL_0000101	sensory neuron	naive	98	majiq	29229984	bulk
QTS000028	QTD000519	Steinberg_2020	synovium_naive	UBERON_0007616	synovium	naive	72	ge	33637762	bulk
QTS000028	QTD000520	Steinberg_2020	synovium_naive	UBERON_0007616	synovium	naive	72	exon	33637762	bulk
QTS000028	QTD000521	Steinberg_2020	synovium_naive	UBERON_0007616	synovium	naive	72	tx	33637762	bulk
QTS000028	QTD000522	Steinberg_2020	synovium_naive	UBERON_0007616	synovium	naive	72	txrev	33637762	bulk
QTS000028	QTD000523	Steinberg_2020	synovium_naive	UBERON_0007616	synovium	naive	72	leafcutter	33637762	bulk
QTS000028	QTD000524	Steinberg_2020	low_grade_cartilage_naive	UBERON_0002418	cartilage	naive	69	ge	33637762	bulk
QTS000028	QTD000525	Steinberg_2020	low_grade_cartilage_naive	UBERON_0002418	cartilage	naive	69	exon	33637762	bulk
QTS000028	QTD000526	Steinberg_2020	low_grade_cartilage_naive	UBERON_0002418	cartilage	naive	69	tx	33637762	bulk
QTS000028	QTD000527	Steinberg_2020	low_grade_cartilage_naive	UBERON_0002418	cartilage	naive	69	txrev	33637762	bulk
QTS000028	QTD000528	Steinberg_2020	low_grade_cartilage_naive	UBERON_0002418	cartilage	naive	69	leafcutter	33637762	bulk
QTS000028	QTD000529	Steinberg_2020	high_grade_cartilage_naive	UBERON_0002418	cartilage	naive	69	ge	33637762	bulk
QTS000028	QTD000530	Steinberg_2020	high_grade_cartilage_naive	UBERON_0002418	cartilage	naive	69	exon	33637762	bulk
QTS000028	QTD000531	Steinberg_2020	high_grade_cartilage_naive	UBERON_0002418	cartilage	naive	69	tx	33637762	bulk
QTS000028	QTD000532	Steinberg_2020	high_grade_cartilage_naive	UBERON_0002418	cartilage	naive	69	txrev	33637762	bulk
QTS000028	QTD000533	Steinberg_2020	high_grade_cartilage_naive	UBERON_0002418	cartilage	naive	69	leafcutter	33637762	bulk
QTS000028	QTD001246	Steinberg_2020	synovium_naive	UBERON_0007616	synovium	naive	72	majiq	33637762	bulk
QTS000028	QTD001247	Steinberg_2020	low_grade_cartilage_naive	UBERON_0002418	cartilage	naive	69	majiq	33637762	bulk
QTS000028	QTD001248	Steinberg_2020	high_grade_cartilage_naive	UBERON_0002418	cartilage	naive	69	majiq	33637762	bulk
QTS000029	QTD000534	TwinsUK	fat	UBERON_0001013	adipose	naive	381	ge	25436857	bulk
QTS000029	QTD000535	TwinsUK	fat	UBERON_0001013	adipose	naive	381	exon	25436857	bulk
QTS000029	QTD000536	TwinsUK	fat	UBERON_0001013	adipose	naive	381	tx	25436857	bulk
QTS000029	QTD000537	TwinsUK	fat	UBERON_0001013	adipose	naive	381	txrev	25436857	bulk
QTS000029	QTD000538	TwinsUK	fat	UBERON_0001013	adipose	naive	381	leafcutter	25436857	bulk
QTS000029	QTD000539	TwinsUK	LCL	EFO_0005292	LCL	naive	418	ge	25436857	bulk
QTS000029	QTD000540	TwinsUK	LCL	EFO_0005292	LCL	naive	418	exon	25436857	bulk
QTS000029	QTD000541	TwinsUK	LCL	EFO_0005292	LCL	naive	418	tx	25436857	bulk
QTS000029	QTD000542	TwinsUK	LCL	EFO_0005292	LCL	naive	418	txrev	25436857	bulk
QTS000029	QTD000543	TwinsUK	LCL	EFO_0005292	LCL	naive	418	leafcutter	25436857	bulk
QTS000029	QTD000544	TwinsUK	skin	UBERON_0002097	skin	naive	370	ge	25436857	bulk
QTS000029	QTD000545	TwinsUK	skin	UBERON_0002097	skin	naive	370	exon	25436857	bulk
QTS000029	QTD000546	TwinsUK	skin	UBERON_0002097	skin	naive	370	tx	25436857	bulk
QTS000029	QTD000547	TwinsUK	skin	UBERON_0002097	skin	naive	370	txrev	25436857	bulk
QTS000029	QTD000548	TwinsUK	skin	UBERON_0002097	skin	naive	370	leafcutter	25436857	bulk
QTS000029	QTD000549	TwinsUK	blood	UBERON_0000178	blood	naive	195	ge	25436857	bulk
QTS000029	QTD000550	TwinsUK	blood	UBERON_0000178	blood	naive	195	exon	25436857	bulk
QTS000029	QTD000551	TwinsUK	blood	UBERON_0000178	blood	naive	195	tx	25436857	bulk
QTS000029	QTD000552	TwinsUK	blood	UBERON_0000178	blood	naive	195	txrev	25436857	bulk
QTS000029	QTD000553	TwinsUK	blood	UBERON_0000178	blood	naive	195	leafcutter	25436857	bulk
QTS000029	QTD001249	TwinsUK	fat	UBERON_0001013	adipose	naive	381	majiq	25436857	bulk
QTS000029	QTD001250	TwinsUK	LCL	EFO_0005292	LCL	naive	418	majiq	25436857	bulk
QTS000029	QTD001251	TwinsUK	skin	UBERON_0002097	skin	naive	370	majiq	25436857	bulk
QTS000029	QTD001252	TwinsUK	blood	UBERON_0000178	blood	naive	195	majiq	25436857	bulk
QTS000030	QTD000554	van_de_Bunt_2015	pancreatic_islet	UBERON_0000006	pancreatic islet	naive	117	ge	26624892	bulk
QTS000030	QTD000555	van_de_Bunt_2015	pancreatic_islet	UBERON_0000006	pancreatic islet	naive	117	exon	26624892	bulk
QTS000030	QTD000556	van_de_Bunt_2015	pancreatic_islet	UBERON_0000006	pancreatic islet	naive	117	tx	26624892	bulk
QTS000030	QTD000557	van_de_Bunt_2015	pancreatic_islet	UBERON_0000006	pancreatic islet	naive	117	txrev	26624892	bulk
QTS000030	QTD000558	van_de_Bunt_2015	pancreatic_islet	UBERON_0000006	pancreatic islet	naive	117	leafcutter	26624892	bulk
QTS000030	QTD001253	van_de_Bunt_2015	pancreatic_islet	UBERON_0000006	pancreatic islet	naive	117	majiq	26624892	bulk
QTS000031	QTD000559	Young_2019	microglia_naive	CL_0000129	microglia	naive	104	ge	34083789	bulk
QTS000031	QTD000560	Young_2019	microglia_naive	CL_0000129	microglia	naive	104	exon	34083789	bulk
QTS000031	QTD000561	Young_2019	microglia_naive	CL_0000129	microglia	naive	104	tx	34083789	bulk
QTS000031	QTD000562	Young_2019	microglia_naive	CL_0000129	microglia	naive	104	txrev	34083789	bulk
QTS000031	QTD000563	Young_2019	microglia_naive	CL_0000129	microglia	naive	104	leafcutter	34083789	bulk
QTS000031	QTD001254	Young_2019	microglia_naive	CL_0000129	microglia	naive	104	majiq	34083789	bulk
QTS000032	QTD000564	Aygun_2021	Progenitor	CL_0011020	neural progenitor	naive	85	ge	34416157	bulk
QTS000032	QTD000565	Aygun_2021	Progenitor	CL_0011020	neural progenitor	naive	85	exon	34416157	bulk
QTS000032	QTD000566	Aygun_2021	Progenitor	CL_0011020	neural progenitor	naive	85	tx	34416157	bulk
QTS000032	QTD000567	Aygun_2021	Progenitor	CL_0011020	neural progenitor	naive	85	txrev	34416157	bulk
QTS000032	QTD000568	Aygun_2021	Progenitor	CL_0011020	neural progenitor	naive	85	leafcutter	34416157	bulk
QTS000032	QTD000569	Aygun_2021	Neuron	CL_0000540	neuron	naive	73	ge	34416157	bulk
QTS000032	QTD000570	Aygun_2021	Neuron	CL_0000540	neuron	naive	73	exon	34416157	bulk
QTS000032	QTD000571	Aygun_2021	Neuron	CL_0000540	neuron	naive	73	tx	34416157	bulk
QTS000032	QTD000572	Aygun_2021	Neuron	CL_0000540	neuron	naive	73	txrev	34416157	bulk
QTS000032	QTD000573	Aygun_2021	Neuron	CL_0000540	neuron	naive	73	leafcutter	34416157	bulk
QTS000032	QTD001255	Aygun_2021	Progenitor	CL_0011020	neural progenitor	naive	85	majiq	34416157	bulk
QTS000032	QTD001256	Aygun_2021	Neuron	CL_0000540	neuron	naive	73	majiq	34416157	bulk
QTS000033	QTD000574	PISA	pancreatic_islet	UBERON_0000006	pancreatic islet	naive	127	ge	33264613	bulk
QTS000033	QTD000575	PISA	pancreatic_islet	UBERON_0000006	pancreatic islet	naive	127	exon	33264613	bulk
QTS000033	QTD000576	PISA	pancreatic_islet	UBERON_0000006	pancreatic islet	naive	127	tx	33264613	bulk
QTS000033	QTD000577	PISA	pancreatic_islet	UBERON_0000006	pancreatic islet	naive	127	txrev	33264613	bulk
QTS000033	QTD000578	PISA	pancreatic_islet	UBERON_0000006	pancreatic islet	naive	127	leafcutter	33264613	bulk
QTS000033	QTD001257	PISA	pancreatic_islet	UBERON_0000006	pancreatic islet	naive	127	majiq	33264613	bulk
QTS000034	QTD000579	Walker_2019	Neocortex	UBERON_0001950	neocortex	naive	211	ge	31626773	bulk
QTS000034	QTD000580	Walker_2019	Neocortex	UBERON_0001950	neocortex	naive	211	exon	31626773	bulk
QTS000034	QTD000581	Walker_2019	Neocortex	UBERON_0001950	neocortex	naive	211	tx	31626773	bulk
QTS000034	QTD000582	Walker_2019	Neocortex	UBERON_0001950	neocortex	naive	211	txrev	31626773	bulk
QTS000034	QTD000583	Walker_2019	Neocortex	UBERON_0001950	neocortex	naive	211	leafcutter	31626773	bulk
QTS000034	QTD001258	Walker_2019	Neocortex	UBERON_0001950	neocortex	naive	211	majiq	31626773	bulk
QTS000035	QTD000584	Sun_2018	plasma	UBERON_0001969	plasma	naive	3301	aptamer	29875488	bulk
QTS000036	QTD000585	Randolph_2021	B_NI	CL_0000236	B cell	naive	89	ge	34822289	single-cell
QTS000036	QTD000586	Randolph_2021	B_flu	CL_0000236	B cell	Influenza_6h	89	ge	34822289	single-cell
QTS000036	QTD000587	Randolph_2021	CD4_T_NI	CL_0000624	CD4+ T cell	naive	89	ge	34822289	single-cell
QTS000036	QTD000588	Randolph_2021	CD4_T_flu	CL_0000624	CD4+ T cell	Influenza_6h	89	ge	34822289	single-cell
QTS000036	QTD000589	Randolph_2021	CD8_T_NI	CL_0000625	CD8+ T cell	naive	89	ge	34822289	single-cell
QTS000036	QTD000590	Randolph_2021	CD8_T_flu	CL_0000625	CD8+ T cell	Influenza_6h	88	ge	34822289	single-cell
QTS000036	QTD000591	Randolph_2021	NK_NI	CL_0000623	NK cell	naive	85	ge	34822289	single-cell
QTS000036	QTD000592	Randolph_2021	NK_flu	CL_0000623	NK cell	Influenza_6h	83	ge	34822289	single-cell
QTS000036	QTD000593	Randolph_2021	highly_infected_flu	CL_0002057	monocyte	Influenza_6h	52	ge	34822289	single-cell
QTS000036	QTD000594	Randolph_2021	infected_monocytes_flu	CL_0002057	monocyte	Influenza_6h	78	ge	34822289	single-cell
QTS000036	QTD000595	Randolph_2021	monocytes_NI	CL_0002057	monocyte	naive	87	ge	34822289	single-cell
QTS000036	QTD000596	Randolph_2021	monocytes_flu	CL_0002057	monocyte	Influenza_6h	84	ge	34822289	single-cell
QTS000037	QTD000597	Perez_2022	B	CL_0000236	B cell	naive	163	ge	35389781	single-cell
QTS000037	QTD000598	Perez_2022	NK	CL_0000623	NK cell	naive	162	ge	35389781	single-cell
QTS000037	QTD000599	Perez_2022	Prolif	CL_0000623	NK cell	naive	105	ge	35389781	single-cell
QTS000037	QTD000600	Perez_2022	T4	CL_0000624	CD4+ T cell	naive	165	ge	35389781	single-cell
QTS000037	QTD000601	Perez_2022	T8	CL_0000625	CD8+ T cell	naive	165	ge	35389781	single-cell
QTS000037	QTD000602	Perez_2022	cDC	CL_0000451	dendritic cell	naive	157	ge	35389781	single-cell
QTS000037	QTD000603	Perez_2022	cM	CL_0002057	monocyte	naive	165	ge	35389781	single-cell
QTS000037	QTD000604	Perez_2022	ncM	CL_0002396	CD16+ monocyte	naive	162	ge	35389781	single-cell
QTS000038	QTD000606	OneK1K	B_intermediate	CL_0000236	B cell	naive	618	ge	35389779	single-cell
QTS000038	QTD000607	OneK1K	B_memory	CL_0000787	memory B cell	naive	726	ge	35389779	single-cell
QTS000038	QTD000608	OneK1K	B_naive	CL_0000236	B cell	naive	876	ge	35389779	single-cell
QTS000038	QTD000609	OneK1K	CD14_Mono	CL_0002057	monocyte	naive	560	ge	35389779	single-cell
QTS000038	QTD000610	OneK1K	CD16_Mono	CL_0002396	CD16+ monocyte	naive	373	ge	35389779	single-cell
QTS000038	QTD000611	OneK1K	CD4_CTL	CL_0000934	CD4+ CTL cell	naive	371	ge	35389779	single-cell
QTS000038	QTD000612	OneK1K	CD4_Naive	CL_0000624	CD4+ T cell	naive	949	ge	35389779	single-cell
QTS000038	QTD000613	OneK1K	CD4_TCM	CL_0000904	CD4+ TCM cell	naive	954	ge	35389779	single-cell
QTS000038	QTD000614	OneK1K	CD4_TEM	CL_0000905	CD4+ TEM cell	naive	782	ge	35389779	single-cell
QTS000038	QTD000615	OneK1K	CD8_Naive	CL_0000625	CD8+ T cell	naive	729	ge	35389779	single-cell
QTS000038	QTD000616	OneK1K	CD8_TCM	CL_0000907	CD8+ TCM cell	naive	457	ge	35389779	single-cell
QTS000038	QTD000617	OneK1K	CD8_TEM	CL_0000913	CD8+ TEM cell	naive	946	ge	35389779	single-cell
QTS000038	QTD000619	OneK1K	MAIT	CL_0000940	MAIT cell	naive	186	ge	35389779	single-cell
QTS000038	QTD000620	OneK1K	NK	CL_0000623	NK cell	naive	951	ge	35389779	single-cell
QTS000038	QTD000621	OneK1K	NK_CD56bright	CL_0000938	CD56+ NK cell	naive	88	ge	35389779	single-cell
QTS000038	QTD000625	OneK1K	Treg	CL_0002677	Treg memory	naive	745	ge	35389779	single-cell
QTS000038	QTD000628	OneK1K	gdT	CL_0000798	gdT cell	naive	453	ge	35389779	single-cell
QTS000039	QTD000630	Jerber_2021	NB_Naive_D11	BTO_0000930	neuroblast	naive_D11	61	ge	33664506	single-cell
QTS000039	QTD000631	Jerber_2021	U_Neur1_ROT_D52	CL_0000540	neuron	rotenone_D52	59	ge	33664506	single-cell
QTS000039	QTD000632	Jerber_2021	P_FPP_ROT_D52	UBERON_0003079	floor plate progenitor	rotenone_D52	66	ge	33664506	single-cell
QTS000039	QTD000633	Jerber_2021	DA_ROT_D52	CL_0000700	dopaminergic neuron	rotenone_D52	147	ge	33664506	single-cell
QTS000039	QTD000634	Jerber_2021	Epen1_ROT_D52	CL_0000065	ependymal cell	rotenone_D52	151	ge	33664506	single-cell
QTS000039	QTD000635	Jerber_2021	P_FPP_Naive_D30	UBERON_0003079	floor plate progenitor	naive_D30	125	ge	33664506	single-cell
QTS000039	QTD000636	Jerber_2021	U_Neur1_Naive_D30	CL_0000540	neuron	naive_D30	92	ge	33664506	single-cell
QTS000039	QTD000637	Jerber_2021	FPP_Naive_D11	UBERON_0003079	floor plate progenitor	naive_D11	151	ge	33664506	single-cell
QTS000039	QTD000638	Jerber_2021	FPP_Naive_D30	UBERON_0003079	floor plate progenitor	naive_D30	139	ge	33664506	single-cell
QTS000039	QTD000640	Jerber_2021	Astro_Naive_D52	CL_0000127	astrocyte	naive_D52	99	ge	33664506	single-cell
QTS000039	QTD000642	Jerber_2021	FPP_Naive_D52	UBERON_0003079	floor plate progenitor	naive_D52	150	ge	33664506	single-cell
QTS000039	QTD000643	Jerber_2021	Sert_Naive_D52	CL_0000850	serotonergic neuron	naive_D52	146	ge	33664506	single-cell
QTS000039	QTD000644	Jerber_2021	P_FPP_Naive_D11	UBERON_0003079	floor plate progenitor	naive_D11	150	ge	33664506	single-cell
QTS000039	QTD000645	Jerber_2021	Astro_ROT_D52	CL_0000127	astrocyte	rotenone_D52	92	ge	33664506	single-cell
QTS000039	QTD000646	Jerber_2021	FPP_ROT_D52	UBERON_0003079	floor plate progenitor	rotenone_D52	141	ge	33664506	single-cell
QTS000039	QTD000647	Jerber_2021	U_Neur3_ROT_D52	CL_0000540	neuron	rotenone_D52	56	ge	33664506	single-cell
QTS000039	QTD000648	Jerber_2021	Sert_ROT_D52	CL_0000850	serotonergic neuron	rotenone_D52	144	ge	33664506	single-cell
QTS000039	QTD000649	Jerber_2021	Epen1_Naive_D30	CL_0000065	ependymal cell	naive_D30	125	ge	33664506	single-cell
QTS000039	QTD000650	Jerber_2021	P_FPP_Naive_D52	UBERON_0003079	floor plate progenitor	naive_D52	108	ge	33664506	single-cell
QTS000039	QTD000651	Jerber_2021	Sert_Naive_D30	CL_0000850	serotonergic neuron	naive_D30	135	ge	33664506	single-cell
QTS000039	QTD000652	Jerber_2021	U_Neur1_Naive_D52	CL_0000540	neuron	naive_D52	94	ge	33664506	single-cell
QTS000039	QTD000656	Jerber_2021	U_Neur3_Naive_D52	CL_0000540	neuron	naive_D52	68	ge	33664506	single-cell
QTS000039	QTD000657	Jerber_2021	DA_Naive_D30	CL_0000700	dopaminergic neuron	naive_D30	153	ge	33664506	single-cell
QTS000039	QTD000658	Jerber_2021	Epen1_Naive_D52	CL_0000065	ependymal cell	naive_D52	156	ge	33664506	single-cell
QTS000039	QTD000659	Jerber_2021	DA_Naive_D52	CL_0000700	dopaminergic neuron	naive_D52	167	ge	33664506	single-cell
QTS000040	QTD000660	Nathan_2022	CD4+_CCR4+ICOS+_central	CL_0000624	CD4+ T cell	naive	199	ge	35545678	single-cell
QTS000040	QTD000661	Nathan_2022	CD4+_central	CL_0000624	CD4+ T cell	naive	196	ge	35545678	single-cell
QTS000040	QTD000662	Nathan_2022	CD4+_CCR5+_cytotoxic	CL_0000624	CD4+ T cell	naive	74	ge	35545678	single-cell
QTS000040	QTD000663	Nathan_2022	CD4+_CD161+_cytotoxic	CL_0000624	CD4+ T cell	naive	119	ge	35545678	single-cell
QTS000040	QTD000664	Nathan_2022	CD8+_GZMK+	CL_0000624	CD4+ T cell	naive	180	ge	35545678	single-cell
QTS000040	QTD000665	Nathan_2022	CD8+_GZMB+	CL_0000624	CD4+ T cell	naive	154	ge	35545678	single-cell
QTS000040	QTD000666	Nathan_2022	CD4+_activated	CL_0000624	CD4+ T cell	naive	147	ge	35545678	single-cell
QTS000040	QTD000667	Nathan_2022	Vd2	CL_0000624	CD4+ T cell	naive	134	ge	35545678	single-cell
QTS000040	QTD000668	Nathan_2022	CD4+_CD161+_Th2	CL_0000624	CD4+ T cell	naive	188	ge	35545678	single-cell
QTS000040	QTD000669	Nathan_2022	CD4-8+_PD-1+TIGIT+	CL_0000624	CD4+ T cell	naive	151	ge	35545678	single-cell
QTS000040	QTD000671	Nathan_2022	CD8+_central	CL_0000624	CD4+ T cell	naive	126	ge	35545678	single-cell
QTS000040	QTD000672	Nathan_2022	CD4+_CD161+_Th1	CL_0000624	CD4+ T cell	naive	189	ge	35545678	single-cell
QTS000040	QTD000673	Nathan_2022	CD4+_Th17-1	CL_0000624	CD4+ T cell	naive	201	ge	35545678	single-cell
QTS000040	QTD000674	Nathan_2022	CD4+_HLA-DR+	CL_0000624	CD4+ T cell	naive	153	ge	35545678	single-cell
QTS000040	QTD000675	Nathan_2022	CD4+_CCR4+_central	CL_0000624	CD4+ T cell	naive	197	ge	35545678	single-cell
QTS000040	QTD000676	Nathan_2022	CD8+_CXCR3+	CL_0000624	CD4+ T cell	naive	99	ge	35545678	single-cell
QTS000040	QTD000677	Nathan_2022	CD4+_Th2	CL_0000624	CD4+ T cell	naive	200	ge	35545678	single-cell
QTS000040	QTD000678	Nathan_2022	CD4+_CCR4+	CL_0000624	CD4+ T cell	naive	196	ge	35545678	single-cell
QTS000040	QTD000679	Nathan_2022	CD4+_CD38+ICOS+_central	CL_0000624	CD4+ T cell	naive	133	ge	35545678	single-cell
QTS000040	QTD000680	Nathan_2022	CD4+_cytotoxic	CL_0000624	CD4+ T cell	naive	174	ge	35545678	single-cell
QTS000040	QTD000681	Nathan_2022	CD4+_CD27+CD161+	CL_0000624	CD4+ T cell	naive	197	ge	35545678	single-cell
QTS000040	QTD000682	Nathan_2022	CD4+_RORC+_Treg	CL_0000624	CD4+ T cell	naive	62	ge	35545678	single-cell
QTS000040	QTD000683	Nathan_2022	CD4+_Th1	CL_0000624	CD4+ T cell	naive	203	ge	35545678	single-cell
QTS000040	QTD000684	Nathan_2022	CD8+_activated	CL_0000624	CD4+ T cell	naive	42	ge	35545678	single-cell
QTS000040	QTD000685	Nathan_2022	CD4+_CD27+	CL_0000624	CD4+ T cell	naive	197	ge	35545678	single-cell
QTS000040	QTD000686	Nathan_2022	CD4+_lncRNA	CL_0000624	CD4+ T cell	naive	202	ge	35545678	single-cell
QTS000040	QTD000687	Nathan_2022	CD4+_Treg	CL_0000624	CD4+ T cell	naive	195	ge	35545678	single-cell
QTS000040	QTD000688	Nathan_2022	CD4+_Th17	CL_0000624	CD4+ T cell	naive	193	ge	35545678	single-cell
QTS000041	QTD000689	Cytoimmgen	combined_CD4_Naive_UNS_16H	CL_0000624	CD4+ T cell	naive	105	ge	35618845	single-cell
QTS000041	QTD000690	Cytoimmgen	combined_CD4_Naive_STIM_40H	CL_0000624	CD4+ T cell	anti-CD3-CD28_40h	94	ge	35618845	single-cell
QTS000041	QTD000691	Cytoimmgen	combined_CD4_Memory_STIM_40H	CL_0000897	CD4+ memory T cell	anti-CD3-CD28_40h	93	ge	35618845	single-cell
QTS000041	QTD000692	Cytoimmgen	combined_CD4_Memory_STIM_5D	CL_0000897	CD4+ memory T cell	anti-CD3-CD28_5D	93	ge	35618845	single-cell
QTS000041	QTD000693	Cytoimmgen	combined_CD4_Naive_STIM_16H	CL_0000624	CD4+ T cell	anti-CD3-CD28_16h	99	ge	35618845	single-cell
QTS000041	QTD000694	Cytoimmgen	combined_CD4_Memory_UNS_16H	CL_0000897	CD4+ memory T cell	naive	106	ge	35618845	single-cell
QTS000041	QTD000695	Cytoimmgen	combined_CD4_Memory_STIM_16H	CL_0000897	CD4+ memory T cell	anti-CD3-CD28_16h	95	ge	35618845	single-cell
QTS000041	QTD000696	Cytoimmgen	combined_CD4_Naive_STIM_5D	CL_0000624	CD4+ T cell	anti-CD3-CD28_5D	88	ge	35618845	single-cell
QTS000041	QTD000697	Cytoimmgen	TN1_UNS_16H	CL_0000624	CD4+ T cell	naive	106	ge	35618845	single-cell
QTS000041	QTD000698	Cytoimmgen	TEM_STIM_16H	CL_0000624	CD4+ T cell	anti-CD3-CD28_16h	89	ge	35618845	single-cell
QTS000041	QTD000701	Cytoimmgen	TEM_STIM_5D	CL_0000624	CD4+ T cell	anti-CD3-CD28_5D	92	ge	35618845	single-cell
QTS000041	QTD000702	Cytoimmgen	TN2_Lowly_Active_STIM_16H	CL_0000624	CD4+ T cell	anti-CD3-CD28_16h	66	ge	35618845	single-cell
QTS000041	QTD000703	Cytoimmgen	nTreg_STIM_40H	CL_0000624	CD4+ T cell	anti-CD3-CD28_40h	90	ge	35618845	single-cell
QTS000041	QTD000704	Cytoimmgen	TEM_STIM_40H	CL_0000624	CD4+ T cell	anti-CD3-CD28_40h	90	ge	35618845	single-cell
QTS000041	QTD000706	Cytoimmgen	TN_STIM_5D	CL_0000624	CD4+ T cell	anti-CD3-CD28_5D	92	ge	35618845	single-cell
QTS000041	QTD000707	Cytoimmgen	TCM_UNS_16H	CL_0000624	CD4+ T cell	naive	106	ge	35618845	single-cell
QTS000041	QTD000708	Cytoimmgen	TCM_STIM_40H	CL_0000624	CD4+ T cell	anti-CD3-CD28_40h	91	ge	35618845	single-cell
QTS000041	QTD000709	Cytoimmgen	TEM_HLA+_STIM_40H	CL_0000624	CD4+ T cell	anti-CD3-CD28_40h	72	ge	35618845	single-cell
QTS000041	QTD000711	Cytoimmgen	TN_HSP_STIM_5D	CL_0000624	CD4+ T cell	anti-CD3-CD28_5D	80	ge	35618845	single-cell
QTS000041	QTD000712	Cytoimmgen	TN_A_STIM_16H	CL_0000624	CD4+ T cell	anti-CD3-CD28_16h	99	ge	35618845	single-cell
QTS000041	QTD000713	Cytoimmgen	T_NFKB_STIM_16H	CL_0000624	CD4+ T cell	anti-CD3-CD28_16h	96	ge	35618845	single-cell
QTS000041	QTD000714	Cytoimmgen	TN3_UNS_16H	CL_0000624	CD4+ T cell	naive	105	ge	35618845	single-cell
QTS000041	QTD000715	Cytoimmgen	TCM1_Lowly_Active_STIM_16H	CL_0000624	CD4+ T cell	anti-CD3-CD28_16h	71	ge	35618845	single-cell
QTS000041	QTD000716	Cytoimmgen	TCM_STIM_5D	CL_0000624	CD4+ T cell	anti-CD3-CD28_5D	94	ge	35618845	single-cell
QTS000041	QTD000717	Cytoimmgen	TN_NFKB_STIM_5D	CL_0000624	CD4+ T cell	anti-CD3-CD28_5D	93	ge	35618845	single-cell
QTS000041	QTD000718	Cytoimmgen	TN_B_STIM_16H	CL_0000624	CD4+ T cell	anti-CD3-CD28_16h	97	ge	35618845	single-cell
QTS000041	QTD000720	Cytoimmgen	TN2_UNS_16H	CL_0000624	CD4+ T cell	naive	106	ge	35618845	single-cell
QTS000041	QTD000721	Cytoimmgen	nTreg_STIM_16H	CL_0000624	CD4+ T cell	anti-CD3-CD28_16h	80	ge	35618845	single-cell
QTS000041	QTD000723	Cytoimmgen	TN2_STIM_16H	CL_0000624	CD4+ T cell	anti-CD3-CD28_16h	97	ge	35618845	single-cell
QTS000041	QTD000724	Cytoimmgen	TEM_Lowly_Active_STIM_40H	CL_0000624	CD4+ T cell	anti-CD3-CD28_40h	57	ge	35618845	single-cell
QTS000041	QTD000726	Cytoimmgen	TCM_STIM_16H	CL_0000624	CD4+ T cell	anti-CD3-CD28_16h	99	ge	35618845	single-cell
QTS000041	QTD000727	Cytoimmgen	TN_cycling_STIM_5D	CL_0000624	CD4+ T cell	anti-CD3-CD28_5D	93	ge	35618845	single-cell
QTS000041	QTD000728	Cytoimmgen	TN_IFN_STIM_5D	CL_0000624	CD4+ T cell	anti-CD3-CD28_5D	90	ge	35618845	single-cell
QTS000041	QTD000729	Cytoimmgen	TM_cycling_STIM_5D	CL_0000624	CD4+ T cell	anti-CD3-CD28_5D	70	ge	35618845	single-cell
QTS000041	QTD000730	Cytoimmgen	TEM_HLA+_STIM_5D	CL_0000624	CD4+ T cell	anti-CD3-CD28_5D	79	ge	35618845	single-cell
QTS000041	QTD000732	Cytoimmgen	TM_ER-stress_STIM_40H	CL_0000624	CD4+ T cell	anti-CD3-CD28_40h	61	ge	35618845	single-cell
QTS000041	QTD000733	Cytoimmgen	TN1_STIM_40H	CL_0000624	CD4+ T cell	anti-CD3-CD28_40h	95	ge	35618845	single-cell
QTS000041	QTD000734	Cytoimmgen	TEM_UNS_16H	CL_0000624	CD4+ T cell	naive	106	ge	35618845	single-cell
QTS000041	QTD000735	Cytoimmgen	TN2_STIM_40H	CL_0000624	CD4+ T cell	anti-CD3-CD28_40h	93	ge	35618845	single-cell
QTS000041	QTD000737	Cytoimmgen	TN_IFN_STIM_40H	CL_0000624	CD4+ T cell	anti-CD3-CD28_40h	93	ge	35618845	single-cell
QTS000041	QTD000738	Cytoimmgen	TN_cycling_STIM_40H	CL_0000624	CD4+ T cell	anti-CD3-CD28_40h	86	ge	35618845	single-cell
QTS000041	QTD000741	Cytoimmgen	TN_C_STIM_16H	CL_0000624	CD4+ T cell	anti-CD3-CD28_16h	99	ge	35618845	single-cell
QTS000041	QTD000742	Cytoimmgen	TEM_Lowly_Active_STIM_16H	CL_0000624	CD4+ T cell	anti-CD3-CD28_16h	83	ge	35618845	single-cell
QTS000041	QTD000743	Cytoimmgen	T_ER-stress_STIM_5D	CL_0000624	CD4+ T cell	anti-CD3-CD28_5D	93	ge	35618845	single-cell
QTS000041	QTD000744	Cytoimmgen	TCM2_Lowly_Active_STIM_40H	CL_0000624	CD4+ T cell	anti-CD3-CD28_40h	62	ge	35618845	single-cell
QTS000041	QTD000747	Cytoimmgen	nTreg_UNS_16H	CL_0000624	CD4+ T cell	naive	93	ge	35618845	single-cell
QTS000041	QTD000749	Cytoimmgen	TN-TCM_CXCR4+_STIM_40H	CL_0000624	CD4+ T cell	anti-CD3-CD28_40h	64	ge	35618845	single-cell
QTS000041	QTD000751	Cytoimmgen	TN1_Lowly_Active_STIM_16H	CL_0000624	CD4+ T cell	anti-CD3-CD28_16h	84	ge	35618845	single-cell
QTS000042	QTD000752	Kim-Hellmuth_2017	monocyte_naive	CL_0002057	monocyte	naive	96	microarray	28814792	bulk
QTS000042	QTD000753	Kim-Hellmuth_2017	monocyte_IVT_6h	CL_0002057	monocyte	IVT_6h	96	microarray	28814792	bulk
QTS000042	QTD000754	Kim-Hellmuth_2017	monocyte_IVT_90min	CL_0002057	monocyte	IVT_90min	96	microarray	28814792	bulk
QTS000042	QTD000755	Kim-Hellmuth_2017	monocyte_LPS_6h	CL_0002057	monocyte	LPS_6h	96	microarray	28814792	bulk
QTS000042	QTD000756	Kim-Hellmuth_2017	monocyte_LPS_90min	CL_0002057	monocyte	LPS_90min	96	microarray	28814792	bulk
QTS000042	QTD000757	Kim-Hellmuth_2017	monocyte_MDP_6h	CL_0002057	monocyte	MDP_6h	96	microarray	28814792	bulk
QTS000042	QTD000758	Kim-Hellmuth_2017	monocyte_MDP_90min	CL_0002057	monocyte	MDP_90min	96	microarray	28814792	bulk
QTS000044	QTD000764	MAGE	LCL	EFO_0005292	LCL	naive	675	ge	39020179	bulk
QTS000044	QTD000765	MAGE	LCL	EFO_0005292	LCL	naive	675	exon	39020179	bulk
QTS000044	QTD000766	MAGE	LCL	EFO_0005292	LCL	naive	675	tx	39020179	bulk
QTS000044	QTD000767	MAGE	LCL	EFO_0005292	LCL	naive	675	txrev	39020179	bulk
QTS000044	QTD000768	MAGE	LCL	EFO_0005292	LCL	naive	675	leafcutter	39020179	bulk
QTS000044	QTD001054	MAGE	LCL	EFO_0005292	LCL	naive	675	majiq	39020179	bulk
QTS000045	QTD000769	IBDverse	CD4 CM/naive	CL_0000904	central memory CD4-positive, alpha-beta T cell	naive	230	ge	42236949	single-cell
QTS000045	QTD000770	IBDverse	CD4 CM	CL_0000904	central memory CD4-positive, alpha-beta T cell	naive	133	ge	42236949	single-cell
QTS000045	QTD000771	IBDverse	CD8 EM THEMIS	CL_0000913	effector memory CD8-positive, alpha-beta T cell	naive	86	ge	42236949	single-cell
QTS000045	QTD000772	IBDverse	CD8 EM TIGIT	CL_0001062	effector memory CD8-positive, alpha-beta T cell, terminally differentiated	naive	79	ge	42236949	single-cell
QTS000045	QTD000773	IBDverse	Classical monocyte	CL_0000860	classical monocyte	naive	95	ge	42236949	single-cell
QTS000045	QTD000774	IBDverse	Intermediate monocyte	CL_0002393	intermediate monocyte	naive	93	ge	42236949	single-cell
QTS000045	QTD000775	IBDverse	NK1	CL_0000623	natural killer cell	naive	82	ge	42236949	single-cell
QTS000045	QTD000776	IBDverse	Non-classical monocyte	CL_0000875	non-classical monocyte	naive	92	ge	42236949	single-cell
QTS000045	QTD000777	IBDverse	Atypical B	CL_0000236	B cell	naive	121	ge	42236949	single-cell
QTS000045	QTD000778	IBDverse	pDC	CL_0000784	plasmacytoid dendritic cell	naive	90	ge	42236949	single-cell
QTS000045	QTD000779	IBDverse	GD T LEF1	CL_0000798	gamma-delta T cell	naive	91	ge	42236949	single-cell
QTS000045	QTD000780	IBDverse	CD4 Treg	CL_0000792	CD4-positive, CD25-positive, alpha-beta regulatory T cell	naive	149	ge	42236949	single-cell
QTS000045	QTD000781	IBDverse	CD4 memory	CL_0000897	CD4-positive, alpha-beta memory T cell	naive	318	ge	42236949	single-cell
QTS000045	QTD000782	IBDverse	CD8 GZMKint	CL_4052021	granzyme K-associated CD8 T cell	naive	260	ge	42236949	single-cell
QTS000045	QTD000783	IBDverse	CD8 naive	CL_0000900	naive thymus-derived CD8-positive, alpha-beta T cell	naive	144	ge	42236949	single-cell
QTS000045	QTD000784	IBDverse	Colon goblet ATOH1lo MUC2lo	CL_0009057	anorectum goblet cell	naive	210	ge	42236949	single-cell
QTS000045	QTD000785	IBDverse	Colon goblet MUC2hi BCAS1int	CL_0009057	anorectum goblet cell	naive	53	ge	42236949	single-cell
QTS000045	QTD000786	IBDverse	Colon goblet MUC2int SPDEFhi	CL_0009057	anorectum goblet cell	naive	255	ge	42236949	single-cell
QTS000045	QTD000787	IBDverse	Colonocyte progenitor OLFM4lo	CL_4047018	early colonocyte	naive	253	ge	42236949	single-cell
QTS000045	QTD000788	IBDverse	Epithelial progenitor OLFM4hi	CL_4047018	early colonocyte	naive	88	ge	42236949	single-cell
QTS000045	QTD000789	IBDverse	Colonocyte progenitor OLFM4lo MKI67lo	CL_4047018	early colonocyte	naive	230	ge	42236949	single-cell
QTS000045	QTD000790	IBDverse	Colon ileum enterochromaffin TPH1 CES1	CL_0000504	enterochromaffin-like cell	naive	229	ge	42236949	single-cell
QTS000045	QTD000791	IBDverse	Enteroendocrine NTS PYY GCG ISL1	CL_1001516	intestinal enteroendocrine cell	naive	231	ge	42236949	single-cell
QTS000045	QTD000792	IBDverse	Colonocyte BEST4	CL_4047052	BEST4+ colonocyte	naive	224	ge	42236949	single-cell
QTS000045	QTD000793	IBDverse	Colonocyte CEACAM7hi KRT20hi IFI27hi	CL_1000347	colonocyte	naive	197	ge	42236949	single-cell
QTS000045	QTD000794	IBDverse	Colonocyte CEACAM7lo KRT20lo IFI27lo	CL_1000347	colonocyte	naive	255	ge	42236949	single-cell
QTS000045	QTD000795	IBDverse	Colonocyte progenitor OLFM4hi MKI67hi	CL_4047018	early colonocyte	naive	233	ge	42236949	single-cell
QTS000045	QTD000796	IBDverse	Colonocyte RBFOX1	CL_1000347	colonocyte	naive	257	ge	42236949	single-cell
QTS000045	QTD000797	IBDverse	Colonocyte stem LGR5lo	CL_0009043	intestinal crypt stem cell of colon	naive	239	ge	42236949	single-cell
QTS000045	QTD000798	IBDverse	Enterocyte BEST4	CL_4030026	BEST4+ enterocyte	naive	166	ge	42236949	single-cell
QTS000045	QTD000799	IBDverse	Enterocyte progenitor OLFM4int MKI67	CL_1000342	enterocyte of epithelium proper of ileum	naive	220	ge	42236949	single-cell
QTS000045	QTD000800	IBDverse	Enterocyte progenitor/precursor crypt OLFM4lo	CL_1000342	enterocyte of epithelium proper of ileum	naive	324	ge	42236949	single-cell
QTS000045	QTD000801	IBDverse	Enterocyte progenitor/precursor crypt OLFM4hi	CL_1000342	enterocyte of epithelium proper of ileum	naive	182	ge	42236949	single-cell
QTS000045	QTD000802	IBDverse	Enterocyte stem MKI67	CL_0009017	intestinal crypt stem cell of small intestine	naive	280	ge	42236949	single-cell
QTS000045	QTD000803	IBDverse	Enterocyte stem OLFM4lo LGR5hi	CL_0009017	intestinal crypt stem cell of small intestine	naive	273	ge	42236949	single-cell
QTS000045	QTD000804	IBDverse	Enterocyte top villus	CL_1000342	enterocyte of epithelium proper of ileum	naive	328	ge	42236949	single-cell
QTS000045	QTD000805	IBDverse	Enterocyte progenitor crypt OLFM4hi	CL_0009017	intestinal crypt stem cell of small intestine	naive	303	ge	42236949	single-cell
QTS000045	QTD000806	IBDverse	Fibroblast CPM	CL_0000057	fibroblast	naive	131	ge	42236949	single-cell
QTS000045	QTD000807	IBDverse	ILC NCR2	CL_0001065	innate lymphoid cell	naive	197	ge	42236949	single-cell
QTS000045	QTD000808	IBDverse	Ileum goblet MUC2int	CL_1000326	ileal goblet cell	naive	189	ge	42236949	single-cell
QTS000045	QTD000809	IBDverse	Ileum goblet MUC2hi BCAS1hi	CL_1000326	ileal goblet cell	naive	286	ge	42236949	single-cell
QTS000045	QTD000810	IBDverse	Ileum goblet MUC2lo BCAS1int	CL_1000326	ileal goblet cell	naive	346	ge	42236949	single-cell
QTS000045	QTD000811	IBDverse	Ileum goblet MUC2hi SPINK4hi	CL_0009057	anorectum goblet cell	naive	291	ge	42236949	single-cell
QTS000045	QTD000812	IBDverse	Ileum paneth DEFA6	CL_1000343	paneth cell of epithelium of small intestine	naive	130	ge	42236949	single-cell
QTS000045	QTD000813	IBDverse	Ileum goblet MKI67	CL_1000326	ileal goblet cell	naive	185	ge	42236949	single-cell
QTS000045	QTD000814	IBDverse	LP fibroblast ADAMDEC1	CL_0000057	fibroblast	naive	90	ge	42236949	single-cell
QTS000045	QTD000815	IBDverse	Mast	CL_0000097	mast cell	naive	243	ge	42236949	single-cell
QTS000045	QTD000816	IBDverse	Myofibroblast ADGRL3	CL_0000186	myofibroblast cell	naive	50	ge	42236949	single-cell
QTS000045	QTD000817	IBDverse	NK2	CL_0000623	natural killer cell	naive	188	ge	42236949	single-cell
QTS000045	QTD000818	IBDverse	Platelet	CL_0000233	platelet	naive	83	ge	42236949	single-cell
QTS000045	QTD000819	IBDverse	GD T KLRG1	CL_0000798	gamma-delta T cell	naive	100	ge	42236949	single-cell
QTS000045	QTD000820	IBDverse	B germinal centre/plasmablast	CL_0000980	plasmablast	naive	135	ge	42236949	single-cell
QTS000045	QTD000821	IBDverse	B germinal centre/plasmablast proliferating	CL_0000980	plasmablast	naive	114	ge	42236949	single-cell
QTS000045	QTD000822	IBDverse	Macrophage CCL3/4 CXCL9/10	CL_0000864	tissue-resident macrophage	naive	45	ge	42236949	single-cell
QTS000045	QTD000823	IBDverse	CD4 PASK	CL_0000624	CD4-positive, alpha-beta T cell	naive	286	ge	42236949	single-cell
QTS000045	QTD000824	IBDverse	Tissue CD4 Treg	CL_0000792	CD4-positive, CD25-positive, alpha-beta regulatory T cell	naive	173	ge	42236949	single-cell
QTS000045	QTD000825	IBDverse	CD4 memory CXCR6	CL_0001204	CD4-positive, alpha-beta memory T cell, CD45RO-positive	naive	295	ge	42236949	single-cell
QTS000045	QTD000826	IBDverse	CD8 TRM TRGC2	CL_0001203	CD8-positive, alpha-beta memory T cell, CD45RO-positive	naive	339	ge	42236949	single-cell
QTS000045	QTD000827	IBDverse	Macrophage CD163lo	CL_0000864	tissue-resident macrophage	naive	298	ge	42236949	single-cell
QTS000045	QTD000828	IBDverse	Macrophage CD163hi	CL_0000864	tissue-resident macrophage	naive	218	ge	42236949	single-cell
QTS000045	QTD000829	IBDverse	Macrophage proliferating	CL_0000864	tissue-resident macrophage	naive	125	ge	42236949	single-cell
QTS000045	QTD000830	IBDverse	Memory B CD27lo	CL_0000787	memory B cell	naive	227	ge	42236949	single-cell
QTS000045	QTD000831	IBDverse	Memory B PDE4D TEX9	CL_0000790	memory B cell	naive	301	ge	42236949	single-cell
QTS000045	QTD000832	IBDverse	Memory B PTPRJ	CL_0000789	memory B cell	naive	313	ge	42236949	single-cell
QTS000045	QTD000833	IBDverse	Monocyte S100A8/9	CL_0000576	monocyte	naive	65	ge	42236949	single-cell
QTS000045	QTD000834	IBDverse	Naive B	CL_0000788	naive B cell	naive	307	ge	42236949	single-cell
QTS000045	QTD000835	IBDverse	Plasma B CD38lo	CL_0000787	plasma cell	naive	162	ge	42236949	single-cell
QTS000045	QTD000836	IBDverse	Plasma B CD38int	CL_0000786	plasma cell	naive	359	ge	42236949	single-cell
QTS000045	QTD000837	IBDverse	Plasma B CD38hi IgG IgA	CL_0000786	plasma cell	naive	147	ge	42236949	single-cell
QTS000045	QTD000838	IBDverse	Tissue resident GD T	CL_0000798	gamma-delta T cell	naive	272	ge	42236949	single-cell
QTS000045	QTD000839	IBDverse	Tuft	CL_0019032	intestinal tuft cell	naive	245	ge	42236949	single-cell
QTS000045	QTD000840	IBDverse	cDC2	CL_0000990	conventional dendritic cell	naive	127	ge	42236949	single-cell
QTS000046	QTD000841	Randolph_2021_reannotated	Alveolar_macrophages_NI	CL_0000583	alveolar macrophage	naive	65	ge	34822289	single-cell
QTS000046	QTD000842	Randolph_2021_reannotated	CD16+_NK_cells_NI	CL_0000623	NK cell	naive	56	ge	34822289	single-cell
QTS000046	QTD000843	Randolph_2021_reannotated	CD16+_NK_cells_flu	CL_0000623	NK cell	Influenza_6h	60	ge	34822289	single-cell
QTS000046	QTD000844	Randolph_2021_reannotated	Classical_monocytes_NI	CL_0000860	classical monocyte	naive	71	ge	34822289	single-cell
QTS000046	QTD000845	Randolph_2021_reannotated	Intermediate_macrophages_flu	CL_0000235	macrophage	Influenza_6h	83	ge	34822289	single-cell
QTS000046	QTD000846	Randolph_2021_reannotated	MAIT_cells_NI	CL_0000940	MAIT cell	naive	55	ge	34822289	single-cell
QTS000046	QTD000847	Randolph_2021_reannotated	Memory_B_cells_NI	CL_0000787	memory B cell	naive	79	ge	34822289	single-cell
QTS000046	QTD000848	Randolph_2021_reannotated	Memory_B_cells_flu	CL_0000787	memory B cell	Influenza_6h	57	ge	34822289	single-cell
QTS000046	QTD000849	Randolph_2021_reannotated	Naive_B_cells_NI	CL_0000788	naive B cell	naive	81	ge	34822289	single-cell
QTS000046	QTD000850	Randolph_2021_reannotated	Naive_B_cells_flu	CL_0000788	naive B cell	Influenza_6h	82	ge	34822289	single-cell
QTS000046	QTD000851	Randolph_2021_reannotated	Regulatory_T_cells_NI	CL_0000815	regulatory T cell	naive	70	ge	34822289	single-cell
QTS000046	QTD000852	Randolph_2021_reannotated	Regulatory_T_cells_flu	CL_0000815	regulatory T cell	Influenza_6h	79	ge	34822289	single-cell
QTS000046	QTD000853	Randolph_2021_reannotated	Tcm_Naive_cytotoxic_T_cells_NI	CL_0000907	CD8+ TCM cell	naive	88	ge	34822289	single-cell
QTS000046	QTD000854	Randolph_2021_reannotated	Tcm_Naive_cytotoxic_T_cells_flu	CL_0000907	CD8+ TCM cell	Influenza_6h	72	ge	34822289	single-cell
QTS000046	QTD000855	Randolph_2021_reannotated	Tcm_Naive_helper_T_cells_NI	CL_0000904	CD4+ TCM cell	naive	89	ge	34822289	single-cell
QTS000046	QTD000856	Randolph_2021_reannotated	Tcm_Naive_helper_T_cells_flu	CL_0000904	CD4+ TCM cell	Influenza_6h	89	ge	34822289	single-cell
QTS000046	QTD000857	Randolph_2021_reannotated	Tem_Effector_helper_T_cells_NI	CL_0000905	CD4+ TEM cell	naive	89	ge	34822289	single-cell
QTS000046	QTD000858	Randolph_2021_reannotated	Tem_Effector_helper_T_cells_flu	CL_0000905	CD4+ TEM cell	Influenza_6h	89	ge	34822289	single-cell
QTS000046	QTD000859	Randolph_2021_reannotated	Tem_Temra_cytotoxic_T_cells_NI	CL_0001062	Tem/Temra cytotoxic T cell	naive	72	ge	34822289	single-cell
QTS000046	QTD000860	Randolph_2021_reannotated	Tem_Temra_cytotoxic_T_cells_flu	CL_0001062	Tem/Temra cytotoxic T cell	Influenza_6h	59	ge	34822289	single-cell
QTS000046	QTD000861	Randolph_2021_reannotated	Tem_Trm_cytotoxic_T_cells_NI	CL_0000913	CD8+ TEM cell	naive	87	ge	34822289	single-cell
QTS000046	QTD000862	Randolph_2021_reannotated	Tem_Trm_cytotoxic_T_cells_flu	CL_0000913	CD8+ TEM cell	Influenza_6h	75	ge	34822289	single-cell
QTS000047	QTD000863	Perez_2022_reannotated	Age-associated_B_cells	CL_0000787	memory B cell	naive	78	ge	35389781	single-cell
QTS000047	QTD000864	Perez_2022_reannotated	CD16+_NK_cells	CL_0000623	NK cell	naive	156	ge	35389781	single-cell
QTS000047	QTD000865	Perez_2022_reannotated	CD16-_NK_cells	CL_0000623	NK cell	naive	72	ge	35389781	single-cell
QTS000047	QTD000866	Perez_2022_reannotated	Classical_monocytes	CL_0000860	classical monocyte	naive	155	ge	35389781	single-cell
QTS000047	QTD000867	Perez_2022_reannotated	DC2	CL_0000990	conventional dendritic cell	naive	142	ge	35389781	single-cell
QTS000047	QTD000868	Perez_2022_reannotated	MAIT_cells	CL_0000940	MAIT cell	naive	96	ge	35389781	single-cell
QTS000047	QTD000869	Perez_2022_reannotated	Megakaryocytes_platelets	CL_0000556	megakaryocyte	naive	72	ge	35389781	single-cell
QTS000047	QTD000870	Perez_2022_reannotated	Memory_B_cells	CL_0000787	memory B cell	naive	147	ge	35389781	single-cell
QTS000047	QTD000871	Perez_2022_reannotated	NK_cells	CL_0000623	NK cell	naive	119	ge	35389781	single-cell
QTS000047	QTD000872	Perez_2022_reannotated	Naive_B_cells	CL_0000788	naive B cell	naive	146	ge	35389781	single-cell
QTS000047	QTD000873	Perez_2022_reannotated	Non-classical_monocytes	CL_0000875	non-classical monocyte	naive	152	ge	35389781	single-cell
QTS000047	QTD000874	Perez_2022_reannotated	Regulatory_T_cells	CL_0000815	regulatory T cell	naive	142	ge	35389781	single-cell
QTS000047	QTD000875	Perez_2022_reannotated	Tcm_Naive_cytotoxic_T_cells	CL_0000907	CD8+ TCM cell	naive	153	ge	35389781	single-cell
QTS000047	QTD000876	Perez_2022_reannotated	Tcm_Naive_helper_T_cells	CL_0000904	CD4+ TCM cell	naive	157	ge	35389781	single-cell
QTS000047	QTD000877	Perez_2022_reannotated	Tem_Effector_helper_T_cells	CL_0000905	CD4+ TEM cell	naive	151	ge	35389781	single-cell
QTS000047	QTD000878	Perez_2022_reannotated	Tem_Temra_cytotoxic_T_cells	CL_0001062	Tem/Temra cytotoxic T cell	naive	148	ge	35389781	single-cell
QTS000047	QTD000879	Perez_2022_reannotated	Tem_Trm_cytotoxic_T_cells	CL_0000913	CD8+ TEM cell	naive	154	ge	35389781	single-cell
QTS000048	QTD000880	OneK1K_reannotated	Age-associated_B_cells	CL_0000787	memory B cell	naive	132	ge	35389779	single-cell
QTS000048	QTD000881	OneK1K_reannotated	CD16+_NK_cells	CL_0000623	NK cell	naive	991	ge	35389779	single-cell
QTS000048	QTD000882	OneK1K_reannotated	CD16-_NK_cells	CL_0000623	NK cell	naive	128	ge	35389779	single-cell
QTS000048	QTD000883	OneK1K_reannotated	Classical_monocytes	CL_0000860	classical monocyte	naive	596	ge	35389779	single-cell
QTS000048	QTD000884	OneK1K_reannotated	MAIT_cells	CL_0000940	MAIT cell	naive	393	ge	35389779	single-cell
QTS000048	QTD000885	OneK1K_reannotated	Memory_B_cells	CL_0000787	memory B cell	naive	849	ge	35389779	single-cell
QTS000048	QTD000886	OneK1K_reannotated	NK_cells	CL_0000623	NK cell	naive	89	ge	35389779	single-cell
QTS000048	QTD000887	OneK1K_reannotated	Naive_B_cells	CL_0000788	naive B cell	naive	889	ge	35389779	single-cell
QTS000048	QTD000888	OneK1K_reannotated	Non-classical_monocytes	CL_0000875	non-classical monocyte	naive	367	ge	35389779	single-cell
QTS000048	QTD000889	OneK1K_reannotated	Regulatory_T_cells	CL_0000815	regulatory T cell	naive	528	ge	35389779	single-cell
QTS000048	QTD000890	OneK1K_reannotated	Tcm_Naive_cytotoxic_T_cells	CL_0000907	CD8+ TCM cell	naive	720	ge	35389779	single-cell
QTS000048	QTD000891	OneK1K_reannotated	Tcm_Naive_helper_T_cells	CL_0000904	CD4+ TCM cell	naive	997	ge	35389779	single-cell
QTS000048	QTD000892	OneK1K_reannotated	Tem_Effector_helper_T_cells	CL_0000905	CD4+ TEM cell	naive	653	ge	35389779	single-cell
QTS000048	QTD000893	OneK1K_reannotated	Tem_Temra_cytotoxic_T_cells	CL_0001062	Tem/Temra cytotoxic T cell	naive	934	ge	35389779	single-cell
QTS000048	QTD000894	OneK1K_reannotated	Tem_Trm_cytotoxic_T_cells	CL_0000913	CD8+ TEM cell	naive	905	ge	35389779	single-cell
QTS000049	QTD000895	Nathan_2022_reannotated	MAIT_cells	CL_0000940	MAIT cell	naive	111	ge	35545678	single-cell
QTS000049	QTD000896	Nathan_2022_reannotated	Megakaryocyte_precursor	CL_0000553	megakaryocyte progenitor cell	naive	64	ge	35545678	single-cell
QTS000049	QTD000897	Nathan_2022_reannotated	Regulatory_T_cells	CL_0000815	regulatory T cell	naive	195	ge	35545678	single-cell
QTS000049	QTD000898	Nathan_2022_reannotated	Tcm_Naive_helper_T_cells	CL_0000904	CD4+ TCM cell	naive	205	ge	35545678	single-cell
QTS000049	QTD000899	Nathan_2022_reannotated	Tem_Effector_helper_T_cells	CL_0000905	CD4+ TEM cell	naive	199	ge	35545678	single-cell
QTS000049	QTD000900	Nathan_2022_reannotated	Tem_Temra_cytotoxic_T_cells	CL_0001062	Tem/Temra cytotoxic T cell	naive	193	ge	35545678	single-cell
QTS000049	QTD000901	Nathan_2022_reannotated	Tem_Trm_cytotoxic_T_cells	CL_0000913	CD8+ TEM cell	naive	196	ge	35545678	single-cell
QTS000050	QTD000902	Cytoimmgen_reannotated	Cycling_T_cells_STIM_40H	CL_0000084	T cell	anti-CD3-CD28_40H	94	ge	35618845	single-cell
QTS000050	QTD000903	Cytoimmgen_reannotated	Cycling_T_cells_STIM_5D	CL_0000084	T cell	anti-CD3-CD28_5D	91	ge	35618845	single-cell
QTS000050	QTD000904	Cytoimmgen_reannotated	Regulatory_T_cells_STIM_16H	CL_0000815	regulatory T cell	anti-CD3-CD28_16H	97	ge	35618845	single-cell
QTS000050	QTD000905	Cytoimmgen_reannotated	Regulatory_T_cells_STIM_40H	CL_0000815	regulatory T cell	anti-CD3-CD28_40H	95	ge	35618845	single-cell
QTS000050	QTD000906	Cytoimmgen_reannotated	Regulatory_T_cells_STIM_5D	CL_0000815	regulatory T cell	anti-CD3-CD28_5D	94	ge	35618845	single-cell
QTS000050	QTD000907	Cytoimmgen_reannotated	Regulatory_T_cells_UNS_16H	CL_0000815	regulatory T cell	naive_16H	96	ge	35618845	single-cell
QTS000050	QTD000908	Cytoimmgen_reannotated	T_agonist__STIM_16H	CL_0000815	regulatory T cell	anti-CD3-CD28_16H	100	ge	35618845	single-cell
QTS000050	QTD000909	Cytoimmgen_reannotated	T_agonist__STIM_40H	CL_0000815	regulatory T cell	anti-CD3-CD28_40H	94	ge	35618845	single-cell
QTS000050	QTD000910	Cytoimmgen_reannotated	T_agonist__STIM_5D	CL_0000815	regulatory T cell	anti-CD3-CD28_5D	59	ge	35618845	single-cell
QTS000050	QTD000911	Cytoimmgen_reannotated	Tcm_Naive_helper_T_cells_STIM_16H	CL_0000904	CD4+ TCM cell	anti-CD3-CD28_16H	99	ge	35618845	single-cell
QTS000050	QTD000912	Cytoimmgen_reannotated	Tcm_Naive_helper_T_cells_STIM_40H	CL_0000904	CD4+ TCM cell	anti-CD3-CD28_40H	84	ge	35618845	single-cell
QTS000050	QTD000913	Cytoimmgen_reannotated	Tcm_Naive_helper_T_cells_STIM_5D	CL_0000904	CD4+ TCM cell	anti-CD3-CD28_5D	84	ge	35618845	single-cell
QTS000050	QTD000914	Cytoimmgen_reannotated	Tcm_Naive_helper_T_cells_UNS_16H	CL_0000904	CD4+ TCM cell	naive_16H	106	ge	35618845	single-cell
QTS000050	QTD000915	Cytoimmgen_reannotated	Tem_Effector_helper_T_cells_STIM_16H	CL_0000905	CD4+ TEM cell	anti-CD3-CD28_16H	59	ge	35618845	single-cell
QTS000050	QTD000916	Cytoimmgen_reannotated	Tem_Effector_helper_T_cells_UNS_16H	CL_0000905	CD4+ TEM cell	naive_16H	93	ge	35618845	single-cell
QTS000051	QTD000917	Natri_2024	AT2	CL_0002063	alveolar type 2 cell	naive	88	ge	38548990	single-cell
QTS000051	QTD000918	Natri_2024	Alveolar_macrophage	CL_0000583	alveolar macrophage	naive	65	ge	38548990	single-cell
QTS000051	QTD000919	Natri_2024	Arteriole	CL_1000412	arteriole endothelial cell	naive	73	ge	38548990	single-cell
QTS000051	QTD000920	Natri_2024	Basal	CL_0000646	basal cell	naive	53	ge	38548990	single-cell
QTS000051	QTD000921	Natri_2024	CD4	CL_0000624	T cell	naive	57	ge	38548990	single-cell
QTS000051	QTD000922	Natri_2024	CD8_NKT	CL_0000625	T cell	naive	65	ge	38548990	single-cell
QTS000051	QTD000923	Natri_2024	Ciliated	CL_0000067	ciliated epithelial cell	naive	92	ge	38548990	single-cell
QTS000051	QTD000924	Natri_2024	Inflammatory_monocyte	CL_0000860	classical monocyte	naive	100	ge	38548990	single-cell
QTS000051	QTD000925	Natri_2024	Interstitial_macrophage	CL_4033043	lung interstitial macrophage	naive	53	ge	38548990	single-cell
QTS000051	QTD000926	Natri_2024	Monocyte	CL_0000860	classical monocyte	naive	81	ge	38548990	single-cell
QTS000051	QTD000927	Natri_2024	Monocyte-derived_macrophage	CL_0000235	macrophage	naive	105	ge	38548990	single-cell
QTS000051	QTD000928	Natri_2024	NK	CL_0000623	NK cell	naive	55	ge	38548990	single-cell
QTS000051	QTD000929	Natri_2024	Proliferating_-_Imm	NA	NA	naive	72	ge	38548990	single-cell
QTS000051	QTD000930	Natri_2024	Secretory_-_SCGB1A1+_MUC5B+	CL_0002638	bronchioalveolar stem cell	naive	74	ge	38548990	single-cell
QTS000051	QTD000931	Natri_2024	Secretory_-_SCGB1A1+_SCGB3A2+	CL_0002638	bronchioalveolar stem cell	naive	74	ge	38548990	single-cell
QTS000051	QTD000932	Natri_2024	Secretory_-_SCGB3A2+	CL_0002638	bronchioalveolar stem cell	naive	64	ge	38548990	single-cell
QTS000051	QTD000933	Natri_2024	Systemic_venous	CL_0002543	vein endothelial cell	naive	58	ge	38548990	single-cell
QTS000051	QTD000934	Natri_2024	Venule	CL_1000414	venule endothelial cell	naive	72	ge	38548990	single-cell
QTS000051	QTD000935	Natri_2024	aCap	CL_4028003	alveolar capillary type 2 endothelial cell	naive	57	ge	38548990	single-cell
QTS000051	QTD000936	Natri_2024	cDC2	CL_0000990	conventional dendritic cell	naive	71	ge	38548990	single-cell
QTS000051	QTD000937	Natri_2024	moDC	CL_0011031	monocyte-derived dendritic cell	naive	78	ge	38548990	single-cell
QTS000053	QTD001000	INTERVAL_RNA	blood	UBERON_0000178	blood	naive	4729	ge	40038547	bulk
QTS000053	QTD001001	INTERVAL_RNA	blood	UBERON_0000178	blood	naive	4729	leafcutter	40038547	bulk
QTS000053	QTD001002	INTERVAL_RNA	blood	UBERON_0000178	blood	naive	4729	majiq	40038547	bulk
QTS000054	QTD001003	INTERVAL_RNA_WGS	blood	UBERON_0000178	blood	naive	2892	ge	39053458	bulk
QTS000054	QTD001004	INTERVAL_RNA_WGS	blood	UBERON_0000178	blood	naive	2892	leafcutter	39053458	bulk
QTS000054	QTD001005	INTERVAL_RNA_WGS	blood	UBERON_0000178	blood	naive	2892	majiq	39053458	bulk
QTS000055	QTD001006	AFR_LCL	LCL	EFO_0005292	LCL	naive	659	ge	NA	bulk
QTS000055	QTD001007	AFR_LCL	LCL	EFO_0005292	LCL	naive	659	exon	NA	bulk
QTS000055	QTD001008	AFR_LCL	LCL	EFO_0005292	LCL	naive	659	tx	NA	bulk
QTS000055	QTD001009	AFR_LCL	LCL	EFO_0005292	LCL	naive	659	txrev	NA	bulk
QTS000055	QTD001010	AFR_LCL	LCL	EFO_0005292	LCL	naive	659	leafcutter	NA	bulk
QTS000055	QTD001011	AFR_LCL	LCL	EFO_0005292	LCL	naive	659	majiq	NA	bulk
QTS000056	QTD001012	DICE	CD4_Naive	CL_0000624	CD4+ T cell	naive	77	ge	35213211	single-cell
QTS000056	QTD001013	DICE	TFH	CL_0002038	Tfh cell	naive	77	ge	35213211	single-cell
QTS000056	QTD001014	DICE	TH1	CL_0000545	Th1 cell	naive	77	ge	35213211	single-cell
QTS000056	QTD001015	DICE	TH1,17	CL_0000899	Th17 cell	naive	77	ge	35213211	single-cell
QTS000056	QTD001016	DICE	TH17	CL_0000899	Th17 cell	naive	77	ge	35213211	single-cell
QTS000056	QTD001017	DICE	TH2	CL_0000546	Th2 cell	naive	77	ge	35213211	single-cell
QTS000056	QTD001018	DICE	Treg_Mem	CL_0002678	Treg naive	naive	77	ge	35213211	single-cell
QTS000056	QTD001019	DICE	Treg_Naive	CL_0002677	Treg memory	naive	77	ge	35213211	single-cell
QTS000057	QTD001020	DICE_reannotated	Regulatory_T_cells	CL_0000815	regulatory T cell	naive	77	ge	35213211	single-cell
QTS000057	QTD001021	DICE_reannotated	T_agonist_	CL_0000084	T cell	naive	75	ge	35213211	single-cell
QTS000057	QTD001022	DICE_reannotated	Tcm_Naive_helper_T_cells	CL_0000904	CD4+ TCM cell	naive	77	ge	35213211	single-cell
QTS000057	QTD001023	DICE_reannotated	Tem_Effector_helper_T_cells	CL_0000905	CD4+ TEM cell	naive	77	ge	35213211	single-cell
QTS000057	QTD001024	DICE_reannotated	Tem_Trm_cytotoxic_T_cells	CL_0000913	CD8+ TEM cell	naive	70	ge	35213211	single-cell
QTS000057	QTD001025	DICE_reannotated	Type_17_helper_T_cells	CL_0000899	Th17 cell	naive	77	ge	35213211	single-cell
QTS000058	QTD001030	Nassiri_2025	monocyte_naive	CL_0002057	monocyte	naive	177	ge	41022800	bulk
QTS000058	QTD001031	Nassiri_2025	monocyte_naive	CL_0002057	monocyte	naive	177	exon	41022800	bulk
QTS000058	QTD001032	Nassiri_2025	monocyte_naive	CL_0002057	monocyte	naive	177	tx	41022800	bulk
QTS000058	QTD001033	Nassiri_2025	monocyte_naive	CL_0002057	monocyte	naive	177	txrev	41022800	bulk
QTS000058	QTD001034	Nassiri_2025	monocyte_naive	CL_0002057	monocyte	naive	177	leafcutter	41022800	bulk
QTS000058	QTD001035	Nassiri_2025	monocyte_naive	CL_0002057	monocyte	naive	177	majiq	41022800	bulk
QTS000058	QTD001036	Nassiri_2025	monocyte_IFN	CL_0002057	monocyte	IFNg_24h	139	ge	41022800	bulk
QTS000058	QTD001037	Nassiri_2025	monocyte_IFN	CL_0002057	monocyte	IFNg_24h	139	exon	41022800	bulk
QTS000058	QTD001038	Nassiri_2025	monocyte_IFN	CL_0002057	monocyte	IFNg_24h	139	tx	41022800	bulk
QTS000058	QTD001039	Nassiri_2025	monocyte_IFN	CL_0002057	monocyte	IFNg_24h	139	txrev	41022800	bulk
QTS000058	QTD001040	Nassiri_2025	monocyte_IFN	CL_0002057	monocyte	IFNg_24h	139	leafcutter	41022800	bulk
QTS000058	QTD001041	Nassiri_2025	monocyte_IFN	CL_0002057	monocyte	IFNg_24h	139	majiq	41022800	bulk
QTS000058	QTD001042	Nassiri_2025	monocyte_LPS24	CL_0002057	monocyte	LPS_24h	176	ge	41022800	bulk
QTS000058	QTD001043	Nassiri_2025	monocyte_LPS24	CL_0002057	monocyte	LPS_24h	176	exon	41022800	bulk
QTS000058	QTD001044	Nassiri_2025	monocyte_LPS24	CL_0002057	monocyte	LPS_24h	176	tx	41022800	bulk
QTS000058	QTD001045	Nassiri_2025	monocyte_LPS24	CL_0002057	monocyte	LPS_24h	176	txrev	41022800	bulk
QTS000058	QTD001046	Nassiri_2025	monocyte_LPS24	CL_0002057	monocyte	LPS_24h	176	leafcutter	41022800	bulk
QTS000058	QTD001047	Nassiri_2025	monocyte_LPS24	CL_0002057	monocyte	LPS_24h	176	majiq	41022800	bulk
QTS000059	QTD001055	MacroMap	CIL_24	CL_0000235	macrophage	CIL_24h	175	ge	40866338	bulk
QTS000059	QTD001056	MacroMap	CIL_24	CL_0000235	macrophage	CIL_24h	175	exon	40866338	bulk
QTS000059	QTD001057	MacroMap	CIL_24	CL_0000235	macrophage	CIL_24h	175	tx	40866338	bulk
QTS000059	QTD001058	MacroMap	CIL_24	CL_0000235	macrophage	CIL_24h	175	txrev	40866338	bulk
QTS000059	QTD001059	MacroMap	CIL_24	CL_0000235	macrophage	CIL_24h	175	leafcutter	40866338	bulk
QTS000059	QTD001060	MacroMap	CIL_24	CL_0000235	macrophage	CIL_24h	175	majiq	40866338	bulk
QTS000059	QTD001061	MacroMap	CIL_6	CL_0000235	macrophage	CIL_6h	177	ge	40866338	bulk
QTS000059	QTD001062	MacroMap	CIL_6	CL_0000235	macrophage	CIL_6h	177	exon	40866338	bulk
QTS000059	QTD001063	MacroMap	CIL_6	CL_0000235	macrophage	CIL_6h	177	tx	40866338	bulk
QTS000059	QTD001064	MacroMap	CIL_6	CL_0000235	macrophage	CIL_6h	177	txrev	40866338	bulk
QTS000059	QTD001065	MacroMap	CIL_6	CL_0000235	macrophage	CIL_6h	177	leafcutter	40866338	bulk
QTS000059	QTD001066	MacroMap	CIL_6	CL_0000235	macrophage	CIL_6h	177	majiq	40866338	bulk
QTS000059	QTD001067	MacroMap	Ctrl_24	CL_0000235	macrophage	naive_24h	193	ge	40866338	bulk
QTS000059	QTD001068	MacroMap	Ctrl_24	CL_0000235	macrophage	naive_24h	193	exon	40866338	bulk
QTS000059	QTD001069	MacroMap	Ctrl_24	CL_0000235	macrophage	naive_24h	193	tx	40866338	bulk
QTS000059	QTD001070	MacroMap	Ctrl_24	CL_0000235	macrophage	naive_24h	193	txrev	40866338	bulk
QTS000059	QTD001071	MacroMap	Ctrl_24	CL_0000235	macrophage	naive_24h	193	leafcutter	40866338	bulk
QTS000059	QTD001072	MacroMap	Ctrl_24	CL_0000235	macrophage	naive_24h	193	majiq	40866338	bulk
QTS000059	QTD001073	MacroMap	Ctrl_6	CL_0000235	macrophage	naive_6h	187	ge	40866338	bulk
QTS000059	QTD001074	MacroMap	Ctrl_6	CL_0000235	macrophage	naive_6h	187	exon	40866338	bulk
QTS000059	QTD001075	MacroMap	Ctrl_6	CL_0000235	macrophage	naive_6h	187	tx	40866338	bulk
QTS000059	QTD001076	MacroMap	Ctrl_6	CL_0000235	macrophage	naive_6h	187	txrev	40866338	bulk
QTS000059	QTD001077	MacroMap	Ctrl_6	CL_0000235	macrophage	naive_6h	187	leafcutter	40866338	bulk
QTS000059	QTD001078	MacroMap	Ctrl_6	CL_0000235	macrophage	naive_6h	187	majiq	40866338	bulk
QTS000059	QTD001079	MacroMap	IFNB_24	CL_0000235	macrophage	IFNb_24h	195	ge	40866338	bulk
QTS000059	QTD001080	MacroMap	IFNB_24	CL_0000235	macrophage	IFNb_24h	195	exon	40866338	bulk
QTS000059	QTD001081	MacroMap	IFNB_24	CL_0000235	macrophage	IFNb_24h	195	tx	40866338	bulk
QTS000059	QTD001082	MacroMap	IFNB_24	CL_0000235	macrophage	IFNb_24h	195	txrev	40866338	bulk
QTS000059	QTD001083	MacroMap	IFNB_24	CL_0000235	macrophage	IFNb_24h	195	leafcutter	40866338	bulk
QTS000059	QTD001084	MacroMap	IFNB_24	CL_0000235	macrophage	IFNb_24h	195	majiq	40866338	bulk
QTS000059	QTD001085	MacroMap	IFNB_6	CL_0000235	macrophage	IFNb_6h	187	ge	40866338	bulk
QTS000059	QTD001086	MacroMap	IFNB_6	CL_0000235	macrophage	IFNb_6h	187	exon	40866338	bulk
QTS000059	QTD001087	MacroMap	IFNB_6	CL_0000235	macrophage	IFNb_6h	187	tx	40866338	bulk
QTS000059	QTD001088	MacroMap	IFNB_6	CL_0000235	macrophage	IFNb_6h	187	txrev	40866338	bulk
QTS000059	QTD001089	MacroMap	IFNB_6	CL_0000235	macrophage	IFNb_6h	187	leafcutter	40866338	bulk
QTS000059	QTD001090	MacroMap	IFNB_6	CL_0000235	macrophage	IFNb_6h	187	majiq	40866338	bulk
QTS000059	QTD001091	MacroMap	IFNG_24	CL_0000235	macrophage	IFNg_24h	195	ge	40866338	bulk
QTS000059	QTD001092	MacroMap	IFNG_24	CL_0000235	macrophage	IFNg_24h	195	exon	40866338	bulk
QTS000059	QTD001093	MacroMap	IFNG_24	CL_0000235	macrophage	IFNg_24h	195	tx	40866338	bulk
QTS000059	QTD001094	MacroMap	IFNG_24	CL_0000235	macrophage	IFNg_24h	195	txrev	40866338	bulk
QTS000059	QTD001095	MacroMap	IFNG_24	CL_0000235	macrophage	IFNg_24h	195	leafcutter	40866338	bulk
QTS000059	QTD001096	MacroMap	IFNG_24	CL_0000235	macrophage	IFNg_24h	195	majiq	40866338	bulk
QTS000059	QTD001097	MacroMap	IFNG_6	CL_0000235	macrophage	IFNg_6h	192	ge	40866338	bulk
QTS000059	QTD001098	MacroMap	IFNG_6	CL_0000235	macrophage	IFNg_6h	192	exon	40866338	bulk
QTS000059	QTD001099	MacroMap	IFNG_6	CL_0000235	macrophage	IFNg_6h	192	tx	40866338	bulk
QTS000059	QTD001100	MacroMap	IFNG_6	CL_0000235	macrophage	IFNg_6h	192	txrev	40866338	bulk
QTS000059	QTD001101	MacroMap	IFNG_6	CL_0000235	macrophage	IFNg_6h	192	leafcutter	40866338	bulk
QTS000059	QTD001102	MacroMap	IFNG_6	CL_0000235	macrophage	IFNg_6h	192	majiq	40866338	bulk
QTS000059	QTD001103	MacroMap	IL4_24	CL_0000235	macrophage	IL4_24h	194	ge	40866338	bulk
QTS000059	QTD001104	MacroMap	IL4_24	CL_0000235	macrophage	IL4_24h	194	exon	40866338	bulk
QTS000059	QTD001105	MacroMap	IL4_24	CL_0000235	macrophage	IL4_24h	194	tx	40866338	bulk
QTS000059	QTD001106	MacroMap	IL4_24	CL_0000235	macrophage	IL4_24h	194	txrev	40866338	bulk
QTS000059	QTD001107	MacroMap	IL4_24	CL_0000235	macrophage	IL4_24h	194	leafcutter	40866338	bulk
QTS000059	QTD001108	MacroMap	IL4_24	CL_0000235	macrophage	IL4_24h	194	majiq	40866338	bulk
QTS000059	QTD001109	MacroMap	IL4_6	CL_0000235	macrophage	IL4_6h	199	ge	40866338	bulk
QTS000059	QTD001110	MacroMap	IL4_6	CL_0000235	macrophage	IL4_6h	199	exon	40866338	bulk
QTS000059	QTD001111	MacroMap	IL4_6	CL_0000235	macrophage	IL4_6h	199	tx	40866338	bulk
QTS000059	QTD001112	MacroMap	IL4_6	CL_0000235	macrophage	IL4_6h	199	txrev	40866338	bulk
QTS000059	QTD001113	MacroMap	IL4_6	CL_0000235	macrophage	IL4_6h	199	leafcutter	40866338	bulk
QTS000059	QTD001114	MacroMap	IL4_6	CL_0000235	macrophage	IL4_6h	199	majiq	40866338	bulk
QTS000059	QTD001115	MacroMap	LIL10_24	CL_0000235	macrophage	LIL10_24h	187	ge	40866338	bulk
QTS000059	QTD001116	MacroMap	LIL10_24	CL_0000235	macrophage	LIL10_24h	187	exon	40866338	bulk
QTS000059	QTD001117	MacroMap	LIL10_24	CL_0000235	macrophage	LIL10_24h	187	tx	40866338	bulk
QTS000059	QTD001118	MacroMap	LIL10_24	CL_0000235	macrophage	LIL10_24h	187	txrev	40866338	bulk
QTS000059	QTD001119	MacroMap	LIL10_24	CL_0000235	macrophage	LIL10_24h	187	leafcutter	40866338	bulk
QTS000059	QTD001120	MacroMap	LIL10_24	CL_0000235	macrophage	LIL10_24h	187	majiq	40866338	bulk
QTS000059	QTD001121	MacroMap	LIL10_6	CL_0000235	macrophage	LIL10_6h	195	ge	40866338	bulk
QTS000059	QTD001122	MacroMap	LIL10_6	CL_0000235	macrophage	LIL10_6h	195	exon	40866338	bulk
QTS000059	QTD001123	MacroMap	LIL10_6	CL_0000235	macrophage	LIL10_6h	195	tx	40866338	bulk
QTS000059	QTD001124	MacroMap	LIL10_6	CL_0000235	macrophage	LIL10_6h	195	txrev	40866338	bulk
QTS000059	QTD001125	MacroMap	LIL10_6	CL_0000235	macrophage	LIL10_6h	195	leafcutter	40866338	bulk
QTS000059	QTD001126	MacroMap	LIL10_6	CL_0000235	macrophage	LIL10_6h	195	majiq	40866338	bulk
QTS000059	QTD001127	MacroMap	MBP_24	CL_0000235	macrophage	MBP_24h	174	ge	40866338	bulk
QTS000059	QTD001128	MacroMap	MBP_24	CL_0000235	macrophage	MBP_24h	174	exon	40866338	bulk
QTS000059	QTD001129	MacroMap	MBP_24	CL_0000235	macrophage	MBP_24h	174	tx	40866338	bulk
QTS000059	QTD001130	MacroMap	MBP_24	CL_0000235	macrophage	MBP_24h	174	txrev	40866338	bulk
QTS000059	QTD001131	MacroMap	MBP_24	CL_0000235	macrophage	MBP_24h	174	leafcutter	40866338	bulk
QTS000059	QTD001132	MacroMap	MBP_24	CL_0000235	macrophage	MBP_24h	174	majiq	40866338	bulk
QTS000059	QTD001133	MacroMap	MBP_6	CL_0000235	macrophage	MBP_6h	181	ge	40866338	bulk
QTS000059	QTD001134	MacroMap	MBP_6	CL_0000235	macrophage	MBP_6h	181	exon	40866338	bulk
QTS000059	QTD001135	MacroMap	MBP_6	CL_0000235	macrophage	MBP_6h	181	tx	40866338	bulk
QTS000059	QTD001136	MacroMap	MBP_6	CL_0000235	macrophage	MBP_6h	181	txrev	40866338	bulk
QTS000059	QTD001137	MacroMap	MBP_6	CL_0000235	macrophage	MBP_6h	181	leafcutter	40866338	bulk
QTS000059	QTD001138	MacroMap	MBP_6	CL_0000235	macrophage	MBP_6h	181	majiq	40866338	bulk
QTS000059	QTD001139	MacroMap	P3C_24	CL_0000235	macrophage	Pam3CSK4_24h	199	ge	40866338	bulk
QTS000059	QTD001140	MacroMap	P3C_24	CL_0000235	macrophage	Pam3CSK4_24h	199	exon	40866338	bulk
QTS000059	QTD001141	MacroMap	P3C_24	CL_0000235	macrophage	Pam3CSK4_24h	199	tx	40866338	bulk
QTS000059	QTD001142	MacroMap	P3C_24	CL_0000235	macrophage	Pam3CSK4_24h	199	txrev	40866338	bulk
QTS000059	QTD001143	MacroMap	P3C_24	CL_0000235	macrophage	Pam3CSK4_24h	199	leafcutter	40866338	bulk
QTS000059	QTD001144	MacroMap	P3C_24	CL_0000235	macrophage	Pam3CSK4_24h	199	majiq	40866338	bulk
QTS000059	QTD001145	MacroMap	P3C_6	CL_0000235	macrophage	Pam3CSK4_6h	193	ge	40866338	bulk
QTS000059	QTD001146	MacroMap	P3C_6	CL_0000235	macrophage	Pam3CSK4_6h	193	exon	40866338	bulk
QTS000059	QTD001147	MacroMap	P3C_6	CL_0000235	macrophage	Pam3CSK4_6h	193	tx	40866338	bulk
QTS000059	QTD001148	MacroMap	P3C_6	CL_0000235	macrophage	Pam3CSK4_6h	193	txrev	40866338	bulk
QTS000059	QTD001149	MacroMap	P3C_6	CL_0000235	macrophage	Pam3CSK4_6h	193	leafcutter	40866338	bulk
QTS000059	QTD001150	MacroMap	P3C_6	CL_0000235	macrophage	Pam3CSK4_6h	193	majiq	40866338	bulk
QTS000059	QTD001151	MacroMap	PIC_24	CL_0000235	macrophage	PIC_24h	193	ge	40866338	bulk
QTS000059	QTD001152	MacroMap	PIC_24	CL_0000235	macrophage	PIC_24h	193	exon	40866338	bulk
QTS000059	QTD001153	MacroMap	PIC_24	CL_0000235	macrophage	PIC_24h	193	tx	40866338	bulk
QTS000059	QTD001154	MacroMap	PIC_24	CL_0000235	macrophage	PIC_24h	193	txrev	40866338	bulk
QTS000059	QTD001155	MacroMap	PIC_24	CL_0000235	macrophage	PIC_24h	193	leafcutter	40866338	bulk
QTS000059	QTD001156	MacroMap	PIC_24	CL_0000235	macrophage	PIC_24h	193	majiq	40866338	bulk
QTS000059	QTD001157	MacroMap	PIC_6	CL_0000235	macrophage	PIC_6h	173	ge	40866338	bulk
QTS000059	QTD001158	MacroMap	PIC_6	CL_0000235	macrophage	PIC_6h	173	exon	40866338	bulk
QTS000059	QTD001159	MacroMap	PIC_6	CL_0000235	macrophage	PIC_6h	173	tx	40866338	bulk
QTS000059	QTD001160	MacroMap	PIC_6	CL_0000235	macrophage	PIC_6h	173	txrev	40866338	bulk
QTS000059	QTD001161	MacroMap	PIC_6	CL_0000235	macrophage	PIC_6h	173	leafcutter	40866338	bulk
QTS000059	QTD001162	MacroMap	PIC_6	CL_0000235	macrophage	PIC_6h	173	majiq	40866338	bulk
QTS000059	QTD001163	MacroMap	Prec_D0	CL_0000235	macrophage	Prec_D0	187	ge	40866338	bulk
QTS000059	QTD001164	MacroMap	Prec_D0	CL_0000235	macrophage	Prec_D0	187	exon	40866338	bulk
QTS000059	QTD001165	MacroMap	Prec_D0	CL_0000235	macrophage	Prec_D0	187	tx	40866338	bulk
QTS000059	QTD001166	MacroMap	Prec_D0	CL_0000235	macrophage	Prec_D0	187	txrev	40866338	bulk
QTS000059	QTD001167	MacroMap	Prec_D0	CL_0000235	macrophage	Prec_D0	187	leafcutter	40866338	bulk
QTS000059	QTD001168	MacroMap	Prec_D0	CL_0000235	macrophage	Prec_D0	187	majiq	40866338	bulk
QTS000059	QTD001169	MacroMap	Prec_D2	CL_0000235	macrophage	Prec_D2	197	ge	40866338	bulk
QTS000059	QTD001170	MacroMap	Prec_D2	CL_0000235	macrophage	Prec_D2	197	exon	40866338	bulk
QTS000059	QTD001171	MacroMap	Prec_D2	CL_0000235	macrophage	Prec_D2	197	tx	40866338	bulk
QTS000059	QTD001172	MacroMap	Prec_D2	CL_0000235	macrophage	Prec_D2	197	txrev	40866338	bulk
QTS000059	QTD001173	MacroMap	Prec_D2	CL_0000235	macrophage	Prec_D2	197	leafcutter	40866338	bulk
QTS000059	QTD001174	MacroMap	Prec_D2	CL_0000235	macrophage	Prec_D2	197	majiq	40866338	bulk
QTS000059	QTD001175	MacroMap	R848_24	CL_0000235	macrophage	R848_24h	195	ge	40866338	bulk
QTS000059	QTD001176	MacroMap	R848_24	CL_0000235	macrophage	R848_24h	195	exon	40866338	bulk
QTS000059	QTD001177	MacroMap	R848_24	CL_0000235	macrophage	R848_24h	195	tx	40866338	bulk
QTS000059	QTD001178	MacroMap	R848_24	CL_0000235	macrophage	R848_24h	195	txrev	40866338	bulk
QTS000059	QTD001179	MacroMap	R848_24	CL_0000235	macrophage	R848_24h	195	leafcutter	40866338	bulk
QTS000059	QTD001180	MacroMap	R848_24	CL_0000235	macrophage	R848_24h	195	majiq	40866338	bulk
QTS000059	QTD001181	MacroMap	R848_6	CL_0000235	macrophage	R848_6h	192	ge	40866338	bulk
QTS000059	QTD001182	MacroMap	R848_6	CL_0000235	macrophage	R848_6h	192	exon	40866338	bulk
QTS000059	QTD001183	MacroMap	R848_6	CL_0000235	macrophage	R848_6h	192	tx	40866338	bulk
QTS000059	QTD001184	MacroMap	R848_6	CL_0000235	macrophage	R848_6h	192	txrev	40866338	bulk
QTS000059	QTD001185	MacroMap	R848_6	CL_0000235	macrophage	R848_6h	192	leafcutter	40866338	bulk
QTS000059	QTD001186	MacroMap	R848_6	CL_0000235	macrophage	R848_6h	192	majiq	40866338	bulk
QTS000059	QTD001187	MacroMap	sLPS_24	CL_0000235	macrophage	LPS_24h	191	ge	40866338	bulk
QTS000059	QTD001188	MacroMap	sLPS_24	CL_0000235	macrophage	LPS_24h	191	exon	40866338	bulk
QTS000059	QTD001189	MacroMap	sLPS_24	CL_0000235	macrophage	LPS_24h	191	tx	40866338	bulk
QTS000059	QTD001190	MacroMap	sLPS_24	CL_0000235	macrophage	LPS_24h	191	txrev	40866338	bulk
QTS000059	QTD001191	MacroMap	sLPS_24	CL_0000235	macrophage	LPS_24h	191	leafcutter	40866338	bulk
QTS000059	QTD001192	MacroMap	sLPS_24	CL_0000235	macrophage	LPS_24h	191	majiq	40866338	bulk
QTS000059	QTD001193	MacroMap	sLPS_6	CL_0000235	macrophage	LPS_6h	188	ge	40866338	bulk
QTS000059	QTD001194	MacroMap	sLPS_6	CL_0000235	macrophage	LPS_6h	188	exon	40866338	bulk
QTS000059	QTD001195	MacroMap	sLPS_6	CL_0000235	macrophage	LPS_6h	188	tx	40866338	bulk
QTS000059	QTD001196	MacroMap	sLPS_6	CL_0000235	macrophage	LPS_6h	188	txrev	40866338	bulk
QTS000059	QTD001197	MacroMap	sLPS_6	CL_0000235	macrophage	LPS_6h	188	leafcutter	40866338	bulk
QTS000059	QTD001198	MacroMap	sLPS_6	CL_0000235	macrophage	LPS_6h	188	majiq	40866338	bulk
QTS000062	QTD001271	GAinS	leukocyte	UBERON_0000178	blood	sepsis	630	ge	38897207	bulk
QTS000062	QTD001272	GAinS	leukocyte	UBERON_0000178	blood	sepsis	630	exon	38897207	bulk
QTS000062	QTD001273	GAinS	leukocyte	UBERON_0000178	blood	sepsis	630	tx	38897207	bulk
QTS000062	QTD001274	GAinS	leukocyte	UBERON_0000178	blood	sepsis	630	txrev	38897207	bulk
QTS000062	QTD001275	GAinS	leukocyte	UBERON_0000178	blood	sepsis	630	leafcutter	38897207	bulk
QTS000062	QTD001276	GAinS	leukocyte	UBERON_0000178	blood	sepsis	630	majiq	38897207	bulk
